surface,chambres,sdb,etage,location,prix
54 m²,1 chambre,1 sdb,Étage 5,"Casablanca, Maarif",1 295 900
56 m²,1 chambre,1 sdb,Étage 5,"Casablanca, Oasis",1 100 000
99 m²,3 chambres,2 sdbs,Étage 4,"Casablanca, Oulfa",1 000 000
71 m²,2 chambres,1 sdb,Étage 2,"Hay Hassani, Casablanca",1 020 000
143 m²,3 chambres,2 sdbs,Étage 2,"Californie, Casablanca",Not Specified
126 m²,3 chambres,2 sdbs,Étage 4,"Sidi Belyout, Casablanca",1 810 000
Not Specified,1 chambre,1 sdb,Étage 1,"Maarif, Casablanca",920 000
Not Specified,Not Specified,Not Specified,Not Specified,Not Specified,2 122 500
88 m²,3 chambres,2 sdbs,Étage 3,"Aïn Chock, Casablanca",1 238 000
Not Specified,1 chambre,1 sdb,Étage 2,"Casablanca Finance City, Casablanca",920 000
76 m²,2 chambres,1 sdb,Étage 2,"Sidi Othmane, Casablanca",440 000
58 m²,2 chambres,1 sdb,Étage 2,"Sidi Bernoussi, Casablanca",40 000
Not Specified,Not Specified,Not Specified,Not Specified,Not Specified,1 199 000
Not Specified,2 chambres,2 sdbs,Étage 1,"La Gironde, Casablanca",Not Specified
70 m²,3 chambres,1 sdb,Étage 2,"Belvédère, Casablanca",640 000
69 m²,3 chambres,1 sdb,Étage 4,"Sidi Bernoussi, Casablanca",360 000
42 m²,1 chambre,1 sdb,Étage 3,"Belvédère, Casablanca",680 000
Not Specified,Not Specified,Not Specified,Not Specified,Not Specified,1 550 000
99 m²,2 chambres,2 sdbs,Étage 1,"Sidi Maarouf, Casablanca",Not Specified
91 m²,2 chambres,1 sdb,Étage 2,"Autre secteur, Casablanca",960 000
103 m²,3 chambres,1 sdb,Étage 4,"Autre secteur, Casablanca",1 400 000
175 m²,3 chambres,2 sdbs,Rez de chaussée,"Sidi Belyout, Casablanca",2 000 000
Not Specified,Not Specified,Not Specified,Not Specified,Not Specified,200 000
54 m²,1 chambre,1 sdb,Étage 5,"Maarif, Casablanca",1 295 900
242 m²,3 chambres,3 sdbs,Étage 1,"Oasis, Casablanca",3 700 000
Not Specified,1 chambre,2 sdbs,Étage 3,"Bachkou, Casablanca",1 205 000
88 m²,2 chambres,2 sdbs,Étage 5,"Maârif Extension, Casablanca",1 730 000
Not Specified,Not Specified,Not Specified,Not Specified,Not Specified,756 500
101 m²,2 chambres,1 sdb,Étage 4,"Californie, Casablanca",900 000
149 m²,3 chambres,1 sdb,Étage 4,"Mers Sultan, Casablanca",1 890 000
112 m²,3 chambres,2 sdbs,Rez de chaussée,"Sidi Bernoussi, Casablanca",920 000
244 m²,3 chambres,2 sdbs,Rez de chaussée,"Racine, Casablanca",5 000 000
Not Specified,Not Specified,Not Specified,Not Specified,Not Specified,250 000
52 m²,2 chambres,1 sdb,Étage 1,"Mers Sultan, Casablanca",1 100 000
62 m²,1 chambre,1 sdb,Étage 4,"Al Qods, Casablanca",645 000
70 m²,3 chambres,2 sdbs,Étage 2,"Errahma, Casablanca",520 000
70 m²,2 chambres,0 sdb,Rez de chaussée,"Ain Sebaa, Casablanca",800 000
Not Specified,Not Specified,Not Specified,Not Specified,Not Specified,250 000
127 m²,2 chambres,2 sdbs,Étage 3,"Hay Mohammadi, Casablanca",1 150 000
116 m²,3 chambres,1 sdb,Étage 5,"Autre secteur, Casablanca",1 320 000
121 m²,2 chambres,1 sdb,Étage 3,"Roches Noires, Casablanca",1 140 000
129 m²,2 chambres,3 sdbs,Étage 1,"Aïn Diab, Casablanca",1 820 000
Not Specified,Not Specified,Not Specified,Not Specified,Not Specified,10 500
101 m²,2 chambres,2 sdbs,Étage 2,"Belvédère, Casablanca",1 250 000
68 m²,2 chambres,1 sdb,Rez de chaussée,"Autre secteur, Casablanca",990 000
155 m²,4 chambres,2 sdbs,Étage 4,"Belvédère, Casablanca",1 700 000
Not Specified,Not Specified,Not Specified,Not Specified,Not Specified,637 500
60 m²,1 chambre,1 sdb,Étage 3,"Casablanca, Abdelmoumen",1 050 000
50 m²,2 chambres,1 sdb,Rez de chaussée,"Casablanca, Oulfa",490 000
76 m²,3 chambres,2 sdbs,Étage 2,"Casablanca, Almaz",896 800
214 m²,3 chambres,2 sdbs,Étage 3,"Belvédère, Casablanca",1 790 000
144 m²,2 chambres,2 sdbs,Rez de chaussée,"Californie, Casablanca",1 550 000
197 m²,3 chambres,1 sdb,Étage 1,"Mers Sultan, Casablanca",2 500 000
59 m²,1 chambre,1 sdb,Étage 2,"Autre secteur, Casablanca",700 000
Not Specified,Not Specified,Not Specified,Not Specified,Not Specified,1 135 000
104 m²,Not Specified,Not Specified,Not Specified,"Autre secteur, Casablanca",1 800 000
94 m²,Not Specified,Not Specified,Not Specified,"Autre secteur, Casablanca",1 350 000
104 m²,Not Specified,Not Specified,Not Specified,"Autre secteur, Casablanca",1 350 000
106 m²,2 chambres,2 sdbs,Étage 2,"Mandarona, Casablanca",1 780 000
Not Specified,Not Specified,Not Specified,Not Specified,Not Specified,2 400 000
Not Specified,3 chambres,1 sdb,Étage 3,"Hay Hassani, Casablanca",Not Specified
176 m²,3 chambres,2 sdbs,Étage 2,"2 Mars, Casablanca",2 200 000
105 m²,2 chambres,2 sdbs,Étage 3,"Maarif, Casablanca",2 700 000
46 m²,1 chambre,1 sdb,Étage 2,"Val Fleuri, Casablanca",1 380 000
Not Specified,Not Specified,Not Specified,Not Specified,Not Specified,3 850 000
52 m²,1 chambre,1 sdb,Étage 1,"Bourgogne, Casablanca",1 150 000
Not Specified,3 chambres,2 sdbs,Étage 2,"Sidi Maarouf, Casablanca",600 000
Not Specified,Not Specified,Not Specified,Not Specified,Casablanca,1 200 000
Not Specified,3 chambres,2 sdbs,Étage 2,"2 Mars, Casablanca",1 560 000
Not Specified,Not Specified,Not Specified,Not Specified,Not Specified,744 000
60 m²,2 chambres,1 sdb,Rez de chaussée,"Autre secteur, Casablanca",Not Specified
Not Specified,Not Specified,Not Specified,Not Specified,"Sidi Bernoussi, Casablanca",Not Specified
74 m²,2 chambres,1 sdb,Rez de chaussée,"Anfa, Casablanca",270 000
136 m²,3 chambres,1 sdb,Étage 3,"Bourgogne, Casablanca",2 300 000
Not Specified,Not Specified,Not Specified,Not Specified,Not Specified,940 000
77 m²,2 chambres,2 sdbs,Étage 2,"Maarif, Casablanca",1 295 000
50 m²,2 chambres,1 sdb,Étage 1,"Oulfa, Casablanca",360 000
Not Specified,1 chambre,1 sdb,Étage 5,"Anfa, Casablanca",950 000
68 m²,2 chambres,1 sdb,Étage 1,"Aïn Borja, Casablanca",680 000
Not Specified,Not Specified,Not Specified,Not Specified,Not Specified,1 020 000
153 m²,3 chambres,3 sdbs,Étage 3,"Ferme Bretone, Casablanca",2 950 000
220 m²,4 chambres,3 sdbs,Étage 4,"Bourgogne, Casablanca",Not Specified
126 m²,2 chambres,2 sdbs,Rez de chaussée,"Sidi Moumen, Casablanca",690 000
Not Specified,1 chambre,2 sdbs,Rez de chaussée,"Palmier, Casablanca",1 280 000
Not Specified,Not Specified,Not Specified,Not Specified,Not Specified,975 000
Not Specified,2 chambres,2 sdbs,Étage 2,"Oulfa, Casablanca",400 000
Not Specified,2 chambres,1 sdb,Rez de chaussée,"Oulfa, Casablanca",260 000
Not Specified,1 chambre,1 sdb,Étage 3,"Les Princesses, Casablanca",1 520 000
74 m²,2 chambres,0 sdb,Étage 3,"Hay Moulay Rachid, Casablanca",440 000
Not Specified,Not Specified,Not Specified,Not Specified,Not Specified,1 090 000
100 m²,2 chambres,1 sdb,Étage 3,"Les Princesses, Casablanca",1 500 000
Not Specified,3 chambres,2 sdbs,Étage 1,"Maarif, Casablanca",1 760 000
Not Specified,1 chambre,1 sdb,Rez de chaussée,"Aïn Diab, Casablanca",1 200 000
Not Specified,Not Specified,Not Specified,Not Specified,Not Specified,830 000
99 m²,3 chambres,1 sdb,Étage 1,"Casablanca, Aïn Chock",900 000
Not Specified,1 chambre,2 sdbs,Étage 2,"Casablanca, Bachkou",915 000
Not Specified,1 chambre,1 sdb,Étage 1,"Casablanca, Hermitage",850 000
56 m²,1 chambre,1 sdb,Rez de chaussée,"Sidi Maarouf, Casablanca",Not Specified
71 m²,2 chambres,2 sdbs,Étage 4,"Ain Sebaa, Casablanca",10 600
132 m²,3 chambres,3 sdbs,Étage 2,"Racine, Casablanca",2 450 000
56 m²,1 chambre,1 sdb,Étage 5,"Oasis, Casablanca",1 100 000
Not Specified,Not Specified,Not Specified,Not Specified,Not Specified,1 725 000
Not Specified,3 chambres,2 sdbs,Rez de chaussée,"Sidi Belyout, Casablanca",1 480 000
136 m²,3 chambres,2 sdbs,Étage 3,"Bachkou, Casablanca",1 950 000
135 m²,4 chambres,2 sdbs,Étage 1,"Bourgogne, Casablanca",1 936 000
Not Specified,2 chambres,1 sdb,Étage 1,"Aïn Chock, Casablanca",Not Specified
Not Specified,Not Specified,Not Specified,Not Specified,Not Specified,825 000
116 m²,2 chambres,1 sdb,Étage 4,"Oulfa, Casablanca",1 300 000
106 m²,2 chambres,2 sdbs,Rez de chaussée,"Autre secteur, Casablanca",1 650 000
77 m²,2 chambres,1 sdb,Étage 2,"Ben Ejdia, Casablanca",800 000
84 m²,2 chambres,1 sdb,Étage 1,"Sidi Moumen, Casablanca",420 000
Not Specified,Not Specified,Not Specified,Not Specified,Not Specified,890 000
188 m²,3 chambres,3 sdbs,Étage 2,"2 Mars, Casablanca",1 950 000
155 m²,3 chambres,2 sdbs,Étage 4,"Maarif, Casablanca",1 600 000
98 m²,3 chambres,1 sdb,Étage 3,"Sidi Moumen, Casablanca",630 000
58 m²,2 chambres,1 sdb,Étage 3,"Palmier, Casablanca",1 470 000
Not Specified,Not Specified,Not Specified,Not Specified,Not Specified,786 250
36 m²,1 chambre,2 sdbs,Étage 1,"Bachkou, Casablanca",885 000
160 m²,1 chambre,1 sdb,Étage 1,"Belvédère, Casablanca",1 485 000
130 m²,3 chambres,2 sdbs,Étage 4,"Quartier des Hôpitaux, Casablanca",1 800 000
60 m²,2 chambres,1 sdb,Étage 4,"Sidi Moumen, Casablanca",310 000
Not Specified,Not Specified,Not Specified,Not Specified,Not Specified,700 000
80 m²,2 chambres,2 sdbs,Étage 2,"Sidi Maarouf, Casablanca",9 400 000
71 m²,2 chambres,2 sdbs,Rez de chaussée,"La Gironde, Casablanca",724 000
172 m²,2 chambres,1 sdb,Étage 1,"Bournazil, Casablanca",730 000
219 m²,3 chambres,2 sdbs,Étage 1,"Palmier, Casablanca",2 965 000
Not Specified,Not Specified,Not Specified,Not Specified,Not Specified,1 218 000
57 m²,1 chambre,1 sdb,Étage 5,"Les Princesses, Casablanca",1 269 000
123 m²,3 chambres,2 sdbs,Étage 2,"Maârif Extension, Casablanca",1 500 000
100 m²,2 chambres,2 sdbs,Étage 3,"Gauthier, Casablanca",1 450 000
76 m²,3 chambres,2 sdbs,Étage 2,"Almaz, Casablanca",896 800
Not Specified,Not Specified,Not Specified,Not Specified,Not Specified,650 000
267 m²,3 chambres,2 sdbs,Étage 1,"Triangle d'Or, Casablanca",3 750 000
109 m²,2 chambres,2 sdbs,Étage 5,"Anfa, Casablanca",1 950 000
50 m²,2 chambres,1 sdb,Étage 1,"Lissasfa, Casablanca",320 000
150 m²,3 chambres,2 sdbs,Étage 6,"Maarif, Casablanca",2 200 000
Not Specified,Not Specified,Not Specified,Not Specified,Not Specified,803 000
109 m²,2 chambres,2 sdbs,Étage 2,"Maarif, Casablanca",1 050 000
57 m²,1 chambre,1 sdb,Étage 4,"Les Princesses, Casablanca",1 280 000
86 m²,2 chambres,2 sdbs,Étage 2,"Ferme Bretone, Casablanca",1 960 000
Not Specified,Not Specified,Not Specified,Not Specified,Not Specified,477 100
48 m²,1 chambre,1 sdb,Étage 3,"Casablanca, Abdelmoumen",1 140 000
144 m²,2 chambres,2 sdbs,Rez de chaussée,"Casablanca, Californie",1 550 000
Not Specified,3 chambres,2 sdbs,Étage 1,"Casablanca, Maarif",1 760 000
88 m²,2 chambres,2 sdbs,Étage 2,"Maârif Extension, Casablanca",1 260 000
55 m²,2 chambres,1 sdb,Étage 1,"Lissasfa, Casablanca",360 000
55 m²,2 chambres,1 sdb,Étage 1,"Oulfa, Casablanca",360 000
Not Specified,3 chambres,2 sdbs,Étage 4,"Ferme Bretone, Casablanca",1 930 000
Not Specified,Not Specified,Not Specified,Not Specified,Not Specified,250 000
90 m²,1 chambre,1 sdb,Étage 10,"Autre secteur, Casablanca",900 000
89 m²,3 chambres,2 sdbs,Étage 4,"Maârif Extension, Casablanca",1 480 000
197 m²,4 chambres,3 sdbs,Étage 1,"Anfa, Casablanca",3 940 000
126 m²,2 chambres,2 sdbs,Étage 5,"Belvédère, Casablanca",1 350 000
Not Specified,Not Specified,Not Specified,Not Specified,Not Specified,1 050 000
187 m²,2 chambres,2 sdbs,Étage 2,"Sidi Belyout, Casablanca",5 600 000
90 m²,2 chambres,1 sdb,Rez de chaussée,"Oulfa, Casablanca",950 000
77 m²,3 chambres,2 sdbs,Rez de chaussée,"Autre secteur, Casablanca",870 000
58 m²,2 chambres,1 sdb,Étage 3,"Oulfa, Casablanca",540 000
Not Specified,Not Specified,Not Specified,Not Specified,Not Specified,1 680 000
55 m²,2 chambres,1 sdb,Rez de chaussée,"Sidi Bernoussi, Casablanca",350 000
60 m²,2 chambres,1 sdb,Rez de chaussée,"Autre secteur, Casablanca",Not Specified
204 m²,4 chambres,4 sdbs,Étage 4,"Gauthier, Casablanca",4 250 000
82 m²,2 chambres,2 sdbs,Étage 2,"Ain Sebaa, Casablanca",905 000
Not Specified,Not Specified,Not Specified,Not Specified,Not Specified,836 000
Not Specified,1 chambre,1 sdb,Étage 1,"Casablanca Finance City, Casablanca",1 100 000
113 m²,3 chambres,2 sdbs,Étage 3,"Bourgogne, Casablanca",1 700 000
84 m²,3 chambres,2 sdbs,Étage 1,"Lissasfa, Casablanca",800 000
122 m²,3 chambres,2 sdbs,Étage 2,"Aïn Chock, Casablanca",1 540 000
Not Specified,Not Specified,Not Specified,Not Specified,Not Specified,784 900
Not Specified,1 chambre,0 sdb,Rez de chaussée,"Roches Noires, Casablanca",Not Specified
147 m²,3 chambres,2 sdbs,Étage 2,"Sidi Bernoussi, Casablanca",1 050 000
260 m²,3 chambres,4 sdbs,Étage 11,"Marina, Casablanca",7 300 000
143 m²,3 chambres,2 sdbs,Étage 2,"Californie, Casablanca",Not Specified
Not Specified,Not Specified,Not Specified,Not Specified,Not Specified,1 611 000
110 m²,2 chambres,2 sdbs,Rez de chaussée,"Sidi Maarouf, Casablanca",Not Specified
41 m²,1 chambre,1 sdb,Étage 2,"Roches Noires, Casablanca",640 000
99 m²,3 chambres,1 sdb,Étage 1,"Aïn Chock, Casablanca",900 000
112 m²,4 chambres,2 sdbs,Étage 1,"Errahma, Casablanca",920 000
Not Specified,Not Specified,Not Specified,Not Specified,Not Specified,615 000
69 m²,2 chambres,1 sdb,Étage 1,"Sidi Bernoussi, Casablanca",710 000
64 m²,1 chambre,1 sdb,Étage 5,"Casablanca Finance City, Casablanca",800 000
141 m²,3 chambres,3 sdbs,Étage 5,"Gauthier, Casablanca",2 650 000
96 m²,3 chambres,2 sdbs,Étage 1,"Hay Mohammadi, Casablanca",800 000
Not Specified,Not Specified,Not Specified,Not Specified,Not Specified,1 270 000
Not Specified,2 chambres,2 sdbs,Étage 1,"Maarif, Casablanca",1 130 000
247 m²,4 chambres,3 sdbs,Étage 1,"Aïn Diab, Casablanca",3 260 000
157 m²,3 chambres,2 sdbs,Étage 3,"Aïn Chock, Casablanca",2 500 000
Not Specified,Not Specified,Not Specified,Not Specified,Not Specified,Not Specified
Not Specified,1 chambre,1 sdb,Étage 5,"Casablanca, Anfa",950 000
56 m²,1 chambre,1 sdb,Étage 5,"Casablanca, Oasis",1 100 000
Not Specified,3 chambres,2 sdbs,Étage 2,"Casablanca, Quartier des Hôpitaux",1 990 000
215 m²,3 chambres,3 sdbs,Étage 8,"Casablanca Finance City, Casablanca",5 500 000
147 m²,4 chambres,3 sdbs,Étage 2,"Hay Mohammadi, Casablanca",1 200 000
165 m²,2 chambres,2 sdbs,Étage 1,"Maarif, Casablanca",1 661 000
121 m²,3 chambres,2 sdbs,Rez de chaussée,"Oulfa, Casablanca",Not Specified
Not Specified,Not Specified,Not Specified,Not Specified,Not Specified,620 000
93 m²,4 chambres,2 sdbs,Étage 3,"Hay Mohammadi, Casablanca",650 000
83 m²,2 chambres,2 sdbs,Étage 3,"Ain Sebaa, Casablanca",860 000
65 m²,1 chambre,1 sdb,Étage 5,"Casablanca Finance City, Casablanca",800 000
Not Specified,3 chambres,2 sdbs,Étage 3,"Autre secteur, Casablanca",745 000
Not Specified,Not Specified,Not Specified,Not Specified,Not Specified,880 000
Not Specified,2 chambres,1 sdb,Rez de chaussée,"Oulfa, Casablanca",320 000
55 m²,2 chambres,1 sdb,Rez de chaussée,"Ain Sebaa, Casablanca",640 000
156 m²,3 chambres,2 sdbs,Étage 2,"2 Mars, Casablanca",Not Specified
85 m²,2 chambres,0 sdb,Rez de chaussée,"Sidi Maarouf, Casablanca",950 000
Not Specified,Not Specified,Not Specified,Not Specified,Not Specified,250 000
270 m²,3 chambres,2 sdbs,Étage 2,"Hay Hassani, Casablanca",1 400 000
Not Specified,2 chambres,2 sdbs,Étage 2,"Al Qods, Casablanca",755 000
Not Specified,1 chambre,1 sdb,Étage 1,"Hermitage, Casablanca",850 000
91 m²,2 chambres,2 sdbs,Étage 5,"La Gironde, Casablanca",950 000
Not Specified,Not Specified,Not Specified,Not Specified,Not Specified,1 035 000
53 m²,2 chambres,1 sdb,Étage 3,"Ben M'sick, Casablanca",480 000
151 m²,3 chambres,3 sdbs,Étage 2,"C.I.L, Casablanca",1 900 000
Not Specified,3 chambres,Not Specified,Étage 3,"2 Mars, Casablanca",1 300 000
88 m²,2 chambres,2 sdbs,Étage 2,"Mers Sultan, Casablanca",950 000
Not Specified,Not Specified,Not Specified,Not Specified,Not Specified,1 100 000
43 m²,1 chambre,1 sdb,Étage 4,"Les Princesses, Casablanca",970 000
36 m²,1 chambre,1 sdb,Étage 3,"Maârif Extension, Casablanca",850 000
121 m²,4 chambres,1 sdb,Étage 4,"Aïn Borja, Casablanca",780 000
107 m²,2 chambres,2 sdbs,Étage 4,"Maarif, Casablanca",1 610 000
Not Specified,Not Specified,Not Specified,Not Specified,Not Specified,546 700
145 m²,3 chambres,2 sdbs,Étage 6,"2 Mars, Casablanca",1 700 000
67 m²,2 chambres,1 sdb,Étage 4,"Ain Sebaa, Casablanca",650 000
72 m²,2 chambres,1 sdb,Étage 2,"C.I.L, Casablanca",1 200 000
186 m²,3 chambres,2 sdbs,Étage 5,"Bourgogne, Casablanca",3 200 000
Not Specified,Not Specified,Not Specified,Not Specified,Not Specified,1 310 000
166 m²,3 chambres,2 sdbs,Étage 3,"Maarif, Casablanca",2 200 000
240 m²,4 chambres,2 sdbs,Étage 3,"Maarif, Casablanca",2 200 000
213 m²,3 chambres,2 sdbs,Étage 3,"Racine, Casablanca",4 260 000
90 m²,2 chambres,1 sdb,Étage 2,"Bourgogne, Casablanca",1 200 000
Not Specified,Not Specified,Not Specified,Not Specified,Not Specified,1 750 000
104 m²,2 chambres,2 sdbs,Étage 2,"Palmier, Casablanca",2 200 000
161 m²,3 chambres,2 sdbs,Étage 5,"Quartier des Hôpitaux, Casablanca",2 080 000
99 m²,3 chambres,2 sdbs,Étage 4,"Maârif Extension, Casablanca",1 200 000
Not Specified,Not Specified,Not Specified,Not Specified,Not Specified,1 092 000
Not Specified,1 chambre,1 sdb,Étage 1,"Casablanca, Hermitage",850 000
97 m²,2 chambres,2 sdbs,Étage 3,"Casablanca, Ferme Bretone",1 940 000
144 m²,2 chambres,2 sdbs,Rez de chaussée,"Casablanca, Californie",1 550 000
122 m²,3 chambres,1 sdb,Étage 5,"Palmier, Casablanca",2 100 000
310 m²,4 chambres,2 sdbs,Étage 1,"2 Mars, Casablanca",3 300 000
107 m²,3 chambres,2 sdbs,Étage 4,"Bourgogne, Casablanca",2 100 000
86 m²,2 chambres,2 sdbs,Étage 4,"Aïn Chock, Casablanca",1 100 000
Not Specified,Not Specified,Not Specified,Not Specified,Not Specified,718 000
95 m²,2 chambres,2 sdbs,Étage 1,"Maârif Extension, Casablanca",1 400 000
185 m²,3 chambres,2 sdbs,Étage 4,"Palmier, Casablanca",2 800 000
132 m²,3 chambres,2 sdbs,Étage 2,"Val Fleuri, Casablanca",1 900 000
141 m²,3 chambres,2 sdbs,Étage 2,"Bourgogne, Casablanca",2 500 000
Not Specified,Not Specified,Not Specified,Not Specified,Not Specified,1 755 000
162 m²,3 chambres,2 sdbs,Étage 1,"Sidi Belyout, Casablanca",1 741 500
173 m²,3 chambres,1 sdb,Étage 2,"Abdelmoumen, Casablanca",2 200 000
125 m²,3 chambres,2 sdbs,Étage 4,"Bourgogne, Casablanca",2 250 000
Not Specified,2 chambres,2 sdbs,Étage 3,"Centre Ville, Casablanca",1 150 000
Not Specified,Not Specified,Not Specified,Not Specified,Not Specified,1 250 000
103 m²,2 chambres,2 sdbs,Étage 5,"Bourgogne, Casablanca",1 450 000
171 m²,3 chambres,2 sdbs,Étage 3,"Val Fleuri, Casablanca",2 150 000
135 m²,3 chambres,2 sdbs,Étage 3,"Abdelmoumen, Casablanca",1 800 000
67 m²,2 chambres,1 sdb,Rez de chaussée,"Maârif Extension, Casablanca",920 000
Not Specified,Not Specified,Not Specified,Not Specified,Not Specified,230 000
157 m²,2 chambres,2 sdbs,Étage 1,"Racine, Casablanca",2 770 000
136 m²,3 chambres,1 sdb,Étage 5,"Autre secteur, Casablanca",1 740 000
154 m²,3 chambres,1 sdb,Étage 3,"2 Mars, Casablanca",2 250 000
141 m²,3 chambres,2 sdbs,Not Specified,"Sidi Maarouf, Casablanca",1 000 000
Not Specified,Not Specified,Not Specified,Not Specified,Not Specified,696 000
185 m²,3 chambres,2 sdbs,Étage 2,"2 Mars, Casablanca",2 600 000
80 m²,2 chambres,1 sdb,Étage 1,"Oulfa, Casablanca",850 000
105 m²,2 chambres,2 sdbs,Étage 1,"Aïn Chock, Casablanca",1 350 000
83 m²,2 chambres,1 sdb,Étage 3,"Bourgogne, Casablanca",1 600 000
Not Specified,Not Specified,Not Specified,Not Specified,Not Specified,1 170 000
109 m²,2 chambres,1 sdb,Rez de chaussée,"Belvédère, Casablanca",1 090 000
30 m²,1 chambre,1 sdb,Not Specified,"Anfa, Casablanca",720 000
101 m²,3 chambres,2 sdbs,Étage 3,"Sidi Bernoussi, Casablanca",860 000
88 m²,2 chambres,1 sdb,Étage 3,"Bourgogne, Casablanca",1 300 000
Not Specified,Not Specified,Not Specified,Not Specified,Not Specified,1 081 375
155 m²,3 chambres,2 sdbs,Étage 2,"Mers Sultan, Casablanca",1 650 000
213 m²,6 chambres,3 sdbs,Étage 7,"Oasis, Casablanca",3 000 000
148 m²,3 chambres,2 sdbs,Étage 2,"Bourgogne, Casablanca",2 780 000
144 m²,3 chambres,2 sdbs,Étage 2,"Bourgogne, Casablanca",2 600 000
Not Specified,Not Specified,Not Specified,Not Specified,Not Specified,230 000
290 m²,3 chambres,3 sdbs,Étage 7,"Casablanca Finance City, Casablanca",7 000 000
167 m²,3 chambres,3 sdbs,Étage 3,"Maarif, Casablanca",2 672 000
259 m²,4 chambres,2 sdbs,Étage 3,"Maarif, Casablanca",4 500 000
Not Specified,Not Specified,Not Specified,Not Specified,Not Specified,950 000
65 m²,1 chambre,1 sdb,Étage 5,"Casablanca, Casablanca Finance City",800 000
56 m²,1 chambre,1 sdb,Étage 5,"Casablanca, Oasis",1 100 000
141 m²,3 chambres,2 sdbs,Étage 2,"Casablanca, Abdelmoumen",Not Specified
108 m²,3 chambres,2 sdbs,Étage 5,"Maarif, Casablanca",1 600 000
166 m²,4 chambres,2 sdbs,Étage 5,"Racine, Casablanca",3 150 000
Not Specified,2 chambres,1 sdb,Étage 3,"Sidi Moumen, Casablanca",32
127 m²,3 chambres,2 sdbs,Étage 3,"Mers Sultan, Casablanca",1 350 000
Not Specified,Not Specified,Not Specified,Not Specified,Not Specified,10 500
Not Specified,5 chambres,Not Specified,Étage 3,"Centre Ville, Casablanca",1 750
56 m²,2 chambres,1 sdb,Not Specified,"Sidi Moumen, Casablanca",1
199 m²,3 chambres,2 sdbs,Étage 3,"Racine, Casablanca",3 500 000
88 m²,3 chambres,1 sdb,Étage 5,"La Gironde, Casablanca",950 000
Not Specified,Not Specified,Not Specified,Not Specified,Not Specified,803 000
Not Specified,2 chambres,2 sdbs,Étage 4,"Ferme Bretone, Casablanca",1 950 000
65 m²,2 chambres,2 sdbs,Étage 1,"Sidi Moumen, Casablanca",570 000
193 m²,4 chambres,2 sdbs,Étage 3,"Racine, Casablanca",2 550 000
100 m²,3 chambres,1 sdb,Étage 2,"Oulfa, Casablanca",1 250 000
Not Specified,Not Specified,Not Specified,Not Specified,Not Specified,2 411 250
Not Specified,2 chambres,1 sdb,Étage 3,"Oulfa, Casablanca",Not Specified
110 m²,3 chambres,1 sdb,Étage 6,"2 Mars, Casablanca",13 500
92 m²,2 chambres,2 sdbs,Étage 3,"Maârif Extension, Casablanca",1 450 000
80 m²,2 chambres,1 sdb,Étage 4,"Ben M'sick, Casablanca",600
Not Specified,Not Specified,Not Specified,Not Specified,Not Specified,687 500
293 m²,3 chambres,2 sdbs,Étage 1,"Anfa, Casablanca",3 980 000
Not Specified,3 chambres,2 sdbs,Étage 7,"Bourgogne, Casablanca",1 550 000
Not Specified,1 chambre,Not Specified,Étage 3,"Oasis, Casablanca",1 050 000
96 m²,2 chambres,1 sdb,Étage 4,"C.I.L, Casablanca",1 440 000
Not Specified,Not Specified,Not Specified,Not Specified,Not Specified,1 600 000
72 m²,2 chambres,2 sdbs,Étage 3,"Ain Sebaa, Casablanca",800
167 m²,3 chambres,2 sdbs,Étage 3,"Maarif, Casablanca",2 350 000
134 m²,3 chambres,1 sdb,Étage 2,"Polo, Casablanca",1 900 000
173 m²,3 chambres,2 sdbs,Étage 5,"Lissasfa, Casablanca",1 400 000
Not Specified,Not Specified,Not Specified,Not Specified,Not Specified,Not Specified
73 m²,1 chambre,2 sdbs,Étage 1,"Derb Omar, Casablanca",843 000
202 m²,3 chambres,2 sdbs,Étage 2,"Californie, Casablanca",3 700 000
135 m²,3 chambres,2 sdbs,Étage 5,"Autre secteur, Casablanca",1 850 000
48 m²,1 chambre,1 sdb,Étage 1,"Abdelmoumen, Casablanca",1 170 000
Not Specified,Not Specified,Not Specified,Not Specified,Not Specified,1 700 000
147 m²,3 chambres,2 sdbs,Étage 3,"Val Fleuri, Casablanca",2 300 000
123 m²,3 chambres,2 sdbs,Étage 5,"2 Mars, Casablanca",1 770 000
186 m²,3 chambres,2 sdbs,Étage 4,"Maarif, Casablanca",3 720 000
94 m²,3 chambres,2 sdbs,Étage 1,"Errahma, Casablanca",1 211 200
Not Specified,Not Specified,Not Specified,Not Specified,Not Specified,815 000
129 m²,3 chambres,2 sdbs,Étage 3,"Val Fleuri, Casablanca",2 100 000
117 m²,2 chambres,2 sdbs,Étage 2,"Racine, Casablanca",2 550 000
66 m²,2 chambres,1 sdb,Étage 6,"Al Fida, Casablanca",580 000
Not Specified,Not Specified,Not Specified,Not Specified,Not Specified,712 000
Not Specified,1 chambre,1 sdb,Étage 1,"Casablanca, Hermitage",850 000
56 m²,1 chambre,1 sdb,Étage 5,"Casablanca, Oasis",1 100 000
105 m²,3 chambres,2 sdbs,Not Specified,"Casablanca, Sidi Bernoussi",975 000
129 m²,3 chambres,2 sdbs,Étage 3,"Val Fleuri, Casablanca",2 100 000
117 m²,2 chambres,2 sdbs,Étage 2,"Racine, Casablanca",2 550 000
66 m²,2 chambres,1 sdb,Étage 6,"Al Fida, Casablanca",580 000
172 m²,4 chambres,2 sdbs,Étage 1,"Californie, Casablanca",2 900 000
Not Specified,Not Specified,Not Specified,Not Specified,Not Specified,11 000
169 m²,2 chambres,2 sdbs,Étage 1,"Aïn Chock, Casablanca",2 800 000
335 m²,3 chambres,2 sdbs,Étage 6,"Sidi Belyout, Casablanca",2 300 000
86 m²,1 chambre,1 sdb,Rez de chaussée,"Les Princesses, Casablanca",1 460 000
107 m²,3 chambres,2 sdbs,Étage 5,"La Gironde, Casablanca",1 350 000
Not Specified,Not Specified,Not Specified,Not Specified,Not Specified,468 600
75 m²,2 chambres,2 sdbs,Rez de chaussée,"Californie, Casablanca",1 200 000
167 m²,3 chambres,3 sdbs,Étage 1,"2 Mars, Casablanca",1 990 000
106 m²,2 chambres,2 sdbs,Rez de chaussée,"Beauséjour, Casablanca",980 000
94 m²,2 chambres,2 sdbs,Étage 2,"Quartier des Hôpitaux, Casablanca",1 490 000
Not Specified,Not Specified,Not Specified,Not Specified,Not Specified,2 270 000
Not Specified,2 chambres,1 sdb,Étage 4,"Oulfa, Casablanca",330 000
64 m²,2 chambres,2 sdbs,Étage 2,"Ferme Bretone, Casablanca",1 380 000
119 m²,3 chambres,2 sdbs,Étage 1,"Racine, Casablanca",2 350 000
Not Specified,1 chambre,1 sdb,Rez de chaussée,"Californie, Casablanca",855 000
Not Specified,Not Specified,Not Specified,Not Specified,Not Specified,250 000
Not Specified,2 chambres,1 sdb,Étage 4,"Ain Sebaa, Casablanca",720 000
52 m²,1 chambre,2 sdbs,Étage 1,"Ferme Bretone, Casablanca",24 000
53 m²,1 chambre,1 sdb,Étage 1,"Errahma, Casablanca",696 000
175 m²,4 chambres,2 sdbs,Étage 4,"Aïn Chock, Casablanca",2 034 500
Not Specified,Not Specified,Not Specified,Not Specified,Not Specified,250 000
61 m²,1 chambre,0 sdb,Étage 2,"Oasis, Casablanca",1 290 000
133 m²,3 chambres,2 sdbs,Étage 1,"2 Mars, Casablanca",2 000 000
209 m²,3 chambres,2 sdbs,Rez de chaussée,"Hay Hassani, Casablanca",1 100 000
Not Specified,2 chambres,2 sdbs,Étage 4,"Al Qods, Casablanca",985 000
Not Specified,Not Specified,Not Specified,Not Specified,Not Specified,830 000
95 m²,2 chambres,1 sdb,Étage 4,"Mers Sultan, Casablanca",800 000
158 m²,3 chambres,2 sdbs,Étage 4,"Mers Sultan, Casablanca",2 054 000
126 m²,2 chambres,2 sdbs,Étage 4,"Val Fleuri, Casablanca",1 450 000
194 m²,3 chambres,2 sdbs,Étage 4,"Maarif, Casablanca",2 600 000
Not Specified,Not Specified,Not Specified,Not Specified,Not Specified,1 143 300
100 m²,3 chambres,2 sdbs,Étage 5,"Roches Noires, Casablanca",11 500
55 m²,2 chambres,1 sdb,Rez de chaussée,"Errahma, Casablanca",320 000
Not Specified,2 chambres,1 sdb,Étage 6,"Abdelmoumen, Casablanca",1 490 000
198 m²,3 chambres,2 sdbs,Étage 2,"Quartier des Hôpitaux, Casablanca",2 550 000
Not Specified,Not Specified,Not Specified,Not Specified,Not Specified,1 337 500
51 m²,1 chambre,1 sdb,Étage 3,"Gauthier, Casablanca",750 000
Not Specified,1 chambre,2 sdbs,Étage 2,"Bachkou, Casablanca",915 000
65 m²,2 chambres,1 sdb,Étage 2,"Sidi Moumen, Casablanca",560 000
Not Specified,Not Specified,Not Specified,Not Specified,Not Specified,940 000
198 m²,3 chambres,2 sdbs,Étage 2,"Casablanca, Quartier des Hôpitaux",2 550 000
Not Specified,1 chambre,2 sdbs,Étage 2,"Casablanca, Bachkou",915 000
Not Specified,2 chambres,2 sdbs,Étage 1,"Casablanca, Palmier",1 320 000
42 m²,1 chambre,0 sdb,Étage 1,"Maarif, Casablanca",950 000
190 m²,4 chambres,3 sdbs,Étage 3,"Racine, Casablanca",3 800 000
97 m²,2 chambres,2 sdbs,Étage 2,"Ferme Bretone, Casablanca",1 900 000
Not Specified,1 chambre,1 sdb,Étage 2,"Palmier, Casablanca",1 250 000
Not Specified,Not Specified,Not Specified,Not Specified,Not Specified,7 000
74 m²,1 chambre,1 sdb,Étage 1,"Maarif, Casablanca",1 134 000
107 m²,3 chambres,2 sdbs,Étage 4,"Anfa, Casablanca",1 980 000
94 m²,2 chambres,2 sdbs,Étage 3,"Ferme Bretone, Casablanca",1 800 000
93 m²,3 chambres,2 sdbs,Étage 1,"Almaz, Casablanca",1 050 000
Not Specified,Not Specified,Not Specified,Not Specified,Not Specified,1 500 000
100 m²,2 chambres,2 sdbs,Étage 4,"Mers Sultan, Casablanca",1 300 000
142 m²,3 chambres,2 sdbs,Étage 4,"Anfa, Casablanca",1 200 000
110 m²,3 chambres,2 sdbs,Étage 2,"2 Mars, Casablanca",Not Specified
79 m²,2 chambres,1 sdb,Étage 4,"Roches Noires, Casablanca",890 000
Not Specified,Not Specified,Not Specified,Not Specified,Not Specified,465 000
165 m²,3 chambres,Not Specified,Étage 4,"Val Fleuri, Casablanca",1 900 000
77 m²,2 chambres,2 sdbs,Étage 3,"Sidi Bernoussi, Casablanca",780 000
121 m²,3 chambres,3 sdbs,Étage 1,"Aïn Diab, Casablanca",1 950 000
192 m²,3 chambres,2 sdbs,Étage 1,"Ain Sebaa, Casablanca",1 300 000
Not Specified,Not Specified,Not Specified,Not Specified,Not Specified,1 162 500
143 m²,2 chambres,2 sdbs,Rez de chaussée,"Palmier, Casablanca",2 120 000
79 m²,2 chambres,1 sdb,Rez de chaussée,"Maarif, Casablanca",1 125 000
97 m²,2 chambres,2 sdbs,Étage 3,"Ferme Bretone, Casablanca",1 940 000
Not Specified,1 chambre,1 sdb,Étage 1,"Franceville, Casablanca",Not Specified
Not Specified,Not Specified,Not Specified,Not Specified,Not Specified,1 950 000
34 m²,1 chambre,1 sdb,Étage 3,"Ferme Bretone, Casablanca",1 250 000
37 m²,1 chambre,1 sdb,Étage 1,"Oasis, Casablanca",995 000
154 m²,3 chambres,3 sdbs,Étage 1,"Beauséjour, Casablanca",Not Specified
39 m²,1 chambre,1 sdb,Étage 3,"Oasis, Casablanca",953 000
Not Specified,Not Specified,Not Specified,Not Specified,Not Specified,930 000
43 m²,1 chambre,1 sdb,Étage 4,"Beauséjour, Casablanca",1 260 000
173 m²,3 chambres,1 sdb,Étage 2,"Al Qods, Casablanca",1 360 000
130 m²,3 chambres,2 sdbs,Étage 3,"Al Qods, Casablanca",1 260 000
121 m²,2 chambres,Not Specified,Étage 1,"Maârif Extension, Casablanca",1 300 000
Not Specified,Not Specified,Not Specified,Not Specified,Not Specified,1 027 000
186 m²,3 chambres,3 sdbs,Étage 3,"Racine, Casablanca",2 480 000
117 m²,3 chambres,2 sdbs,Étage 3,"Maarif, Casablanca",1 860 000
Not Specified,1 chambre,2 sdbs,Étage 1,"Autre secteur, Casablanca",1 400 000
105 m²,3 chambres,2 sdbs,Rez de chaussée,"Almaz, Casablanca",970 000
Not Specified,Not Specified,Not Specified,Not Specified,Not Specified,750 000
115 m²,2 chambres,Not Specified,Rez de chaussée,"Ferme Bretone, Casablanca",1 954 000
138 m²,2 chambres,2 sdbs,Étage 6,"Gauthier, Casablanca",2 596 000
93 m²,2 chambres,2 sdbs,Étage 2,"Errahma, Casablanca",770 000
Not Specified,Not Specified,Not Specified,Not Specified,Not Specified,475 700
Not Specified,3 chambres,2 sdbs,Étage 2,"Casablanca, Quartier des Hôpitaux",1 990 000
105 m²,3 chambres,2 sdbs,Not Specified,"Casablanca, Sidi Bernoussi",975 000
Not Specified,1 chambre,1 sdb,Étage 1,"Casablanca, Casablanca Finance City",1 100 000
60 m²,1 chambre,1 sdb,Étage 1,"Oasis, Casablanca",1 422 000
54 m²,1 chambre,0 sdb,Étage 1,"Maârif Extension, Casablanca",1 170 000
76 m²,2 chambres,2 sdbs,Étage 3,"Roches Noires, Casablanca",770 000
68 m²,2 chambres,2 sdbs,Rez de chaussée,"Aïn Chock, Casablanca",934 000
Not Specified,Not Specified,Not Specified,Not Specified,Not Specified,2 117 000
Not Specified,3 chambres,Not Specified,Rez de chaussée,"Les Princesses, Casablanca",2 600 000
82 m²,2 chambres,1 sdb,Rez de chaussée,"Maarif, Casablanca",1 140 000
66 m²,2 chambres,1 sdb,Rez de chaussée,"Hay Mohammadi, Casablanca",Not Specified
54 m²,2 chambres,1 sdb,Étage 3,"Oulfa, Casablanca",45 000
Not Specified,Not Specified,Not Specified,Not Specified,Not Specified,391 500
Not Specified,2 chambres,2 sdbs,Étage 3,"Al Qods, Casablanca",840 000
148 m²,3 chambres,2 sdbs,Étage 15,"Palmier, Casablanca",2 400 000
Not Specified,3 chambres,2 sdbs,Étage 5,"La Gironde, Casablanca",2 500 000
Not Specified,3 chambres,2 sdbs,Étage 7,"Abdelmoumen, Casablanca",1 300 000
Not Specified,Not Specified,Not Specified,Not Specified,Not Specified,1 962 000
56 m²,2 chambres,1 sdb,Étage 4,"Oulfa, Casablanca",800 000
93 m²,2 chambres,2 sdbs,Étage 2,"Errahma, Casablanca",770 000
60 m²,1 chambre,1 sdb,Étage 4,"Palmier, Casablanca",1 120 000
59 m²,1 chambre,1 sdb,Étage 1,"Palmier, Casablanca",1 300 000
Not Specified,Not Specified,Not Specified,Not Specified,Not Specified,890 000
55 m²,2 chambres,2 sdbs,Étage 1,"Ferme Bretone, Casablanca",1 200 000
103 m²,2 chambres,1 sdb,Étage 2,"Maarif, Casablanca",1 610 000
52 m²,2 chambres,1 sdb,Étage 4,"Sidi Bernoussi, Casablanca",340 000
Not Specified,3 chambres,Not Specified,Étage 3,"Racine, Casablanca",5 400 000
Not Specified,Not Specified,Not Specified,Not Specified,Not Specified,1 609 000
85 m²,2 chambres,2 sdbs,Étage 2,"Ain Sebaa, Casablanca",920 000
Not Specified,2 chambres,1 sdb,Étage 3,"Oulfa, Casablanca",500 000
125 m²,3 chambres,2 sdbs,Étage 7,"Aïn Borja, Casablanca",1 500 000
78 m²,2 chambres,2 sdbs,Rez de chaussée,"Ain Sebaa, Casablanca",897 000
Not Specified,Not Specified,Not Specified,Not Specified,Not Specified,1 248 000
85 m²,2 chambres,2 sdbs,Étage 3,"Hay Hassani, Casablanca",880 000
79 m²,2 chambres,2 sdbs,Étage 2,"Les Princesses, Casablanca",2 158 000
95 m²,2 chambres,3 sdbs,Étage 5,"Abdelmoumen, Casablanca",2 340 000
77 m²,2 chambres,2 sdbs,Étage 2,"Ain Sebaa, Casablanca",835 000
Not Specified,Not Specified,Not Specified,Not Specified,Not Specified,1 630 600
133 m²,3 chambres,2 sdbs,Étage 4,"Gauthier, Casablanca",1 850 000
48 m²,1 chambre,1 sdb,Rez de chaussée,"Oulfa, Casablanca",400 000
116 m²,2 chambres,2 sdbs,Étage 3,"Oasis, Casablanca",1 700 000
87 m²,2 chambres,2 sdbs,Étage 2,"Beauséjour, Casablanca",1 000 000
Not Specified,Not Specified,Not Specified,Not Specified,Not Specified,1 950 000
173 m²,3 chambres,2 sdbs,Étage 3,"Belvédère, Casablanca",2 500 000
Not Specified,3 chambres,1 sdb,Étage 1,"Oulfa, Casablanca",680 000
Not Specified,2 chambres,Not Specified,Étage 5,"Quartier des Hôpitaux, Casablanca",Not Specified
Not Specified,Not Specified,Not Specified,Not Specified,Not Specified,Not Specified
99 m²,3 chambres,1 sdb,Étage 1,"Casablanca, Aïn Chock",900 000
129 m²,2 chambres,3 sdbs,Étage 1,"Casablanca, Aïn Diab",1 820 000
61 m²,1 chambre,0 sdb,Étage 2,"Casablanca, Oasis",1 290 000
80 m²,2 chambres,1 sdb,Étage 1,"Autre secteur, Casablanca",28
111 m²,3 chambres,2 sdbs,Étage 4,"Aïn Borja, Casablanca",1 248 000
109 m²,2 chambres,2 sdbs,Étage 4,"Salmia, Casablanca",600 000
56 m²,2 chambres,1 sdb,Étage 2,"Oulfa, Casablanca",3 600 000
Not Specified,Not Specified,Not Specified,Not Specified,Not Specified,945 000
Not Specified,2 chambres,2 sdbs,Étage 7,"Bourgogne, Casablanca",1 400 000
141 m²,3 chambres,2 sdbs,Étage 2,"Abdelmoumen, Casablanca",Not Specified
194 m²,3 chambres,3 sdbs,Étage 3,"C.I.L, Casablanca",3 200 000
189 m²,4 chambres,2 sdbs,Étage 7,"2 Mars, Casablanca",2 268 000
Not Specified,Not Specified,Not Specified,Not Specified,Not Specified,564 800
Not Specified,2 chambres,1 sdb,Étage 4,"Errahma, Casablanca",390 000
Not Specified,3 chambres,3 sdbs,Étage 6,"Maarif, Casablanca",1 650 000
69 m²,2 chambres,1 sdb,Étage 1,"Aïn Borja, Casablanca",680 000
Not Specified,3 chambres,2 sdbs,Étage 2,"Sidi Othmane, Casablanca",1 540 000
Not Specified,Not Specified,Not Specified,Not Specified,Not Specified,890 000
156 m²,2 chambres,3 sdbs,Étage 5,"Quartier des Hôpitaux, Casablanca",2 100 000
45 m²,1 chambre,1 sdb,Étage 3,"Palmier, Casablanca",1 150 000
100 m²,2 chambres,2 sdbs,Étage 3,"Anfa, Casablanca",20 000
Not Specified,3 chambres,2 sdbs,Étage 1,"Autre secteur, Casablanca",750 000
Not Specified,Not Specified,Not Specified,Not Specified,Not Specified,1 236 000
88 m²,2 chambres,2 sdbs,Étage 2,"Autre secteur, Casablanca",800 000
Not Specified,3 chambres,2 sdbs,Étage 2,"Quartier des Hôpitaux, Casablanca",1 990 000
57 m²,1 chambre,1 sdb,Étage 3,"Gauthier, Casablanca",1 570 000
65 m²,2 chambres,2 sdbs,Étage 2,"Derb Omar, Casablanca",895 000
Not Specified,Not Specified,Not Specified,Not Specified,Not Specified,600 000
58 m²,1 chambre,Not Specified,Étage 1,"Hay Rajaa, Casablanca",620 000
240 m²,2 chambres,0 sdb,Rez de chaussée,"Route d'Azemmour, Casablanca",700 000
52 m²,1 chambre,2 sdbs,Étage 3,"Derb Omar, Casablanca",800 000
70 m²,2 chambres,2 sdbs,Étage 3,"Florida, Casablanca",790 000
Not Specified,Not Specified,Not Specified,Not Specified,Not Specified,1 037 000
240 m²,3 chambres,2 sdbs,Étage 1,"2 Mars, Casablanca",Not Specified
137 m²,3 chambres,2 sdbs,Étage 3,"Les Princesses, Casablanca",3 472 250
197 m²,4 chambres,2 sdbs,Étage 1,"Mers Sultan, Casablanca",2 500 000
Not Specified,2 chambres,2 sdbs,Étage 1,"Palmier, Casablanca",1 320 000
Not Specified,Not Specified,Not Specified,Not Specified,Not Specified,1 815 080
79 m²,3 chambres,2 sdbs,Étage 2,"Ain Sebaa, Casablanca",948 000
85 m²,2 chambres,2 sdbs,Étage 2,"Oasis, Casablanca",1 570 000
Not Specified,1 chambre,1 sdb,Étage 1,"Les Princesses, Casablanca",1 300 000
127 m²,3 chambres,1 sdb,Étage 2,"Al Fida, Casablanca",Not Specified
Not Specified,Not Specified,Not Specified,Not Specified,Not Specified,882 300
41 m²,1 chambre,1 sdb,Étage 1,"Roches Noires, Casablanca",640 000
Not Specified,4 chambres,2 sdbs,Étage 1,"Belvédère, Casablanca",860 000
78 m²,2 chambres,1 sdb,Étage 3,"Salmia, Casablanca",460 000
Not Specified,Not Specified,Not Specified,Not Specified,Not Specified,2 227 500
Not Specified,2 chambres,2 sdbs,Étage 3,"Casablanca, Al Qods",840 000
Not Specified,3 chambres,2 sdbs,Étage 1,"Casablanca, Maarif",1 760 000
55 m²,2 chambres,1 sdb,Étage 6,"Casablanca, Errahma",380 000
87 m²,1 chambre,1 sdb,Étage 5,"Maarif, Casablanca",1 500 000
120 m²,3 chambres,2 sdbs,Étage 4,"Sidi Maarouf, Casablanca",1 250 000
47 m²,1 chambre,1 sdb,Étage 1,"Ferme Bretone, Casablanca",1 010 500
172 m²,3 chambres,2 sdbs,Étage 3,"Val Fleuri, Casablanca",2 400 000
Not Specified,Not Specified,Not Specified,Not Specified,Not Specified,1 680 000
Not Specified,2 chambres,2 sdbs,Étage 1,"Maarif, Casablanca",980 000
Not Specified,2 chambres,2 sdbs,Étage 1,"Les Princesses, Casablanca",1 490 000
53 m²,1 chambre,1 sdb,Étage 6,"La Gironde, Casablanca",520 000
153 m²,3 chambres,2 sdbs,Étage 1,"Maarif, Casablanca",1 850 000
Not Specified,Not Specified,Not Specified,Not Specified,Not Specified,Not Specified
112 m²,3 chambres,2 sdbs,Étage 1,"Ain Sebaa, Casablanca",945 000
60 m²,1 chambre,1 sdb,Étage 3,"Abdelmoumen, Casablanca",1 050 000
110 m²,3 chambres,2 sdbs,Rez de chaussée,"Aïn Chock, Casablanca",1 480 000
47 m²,1 chambre,1 sdb,Étage 1,"Oasis, Casablanca",1 100 000
Not Specified,Not Specified,Not Specified,Not Specified,Not Specified,11 000
50 m²,2 chambres,1 sdb,Rez de chaussée,"Oulfa, Casablanca",490 000
180 m²,3 chambres,2 sdbs,Étage 6,"Belvédère, Casablanca",142 000 000
108 m²,3 chambres,2 sdbs,Étage 2,"Oulfa, Casablanca",1 180 000
Not Specified,2 chambres,2 sdbs,Étage 3,"La Gironde, Casablanca",Not Specified
Not Specified,Not Specified,Not Specified,Not Specified,Not Specified,544 000
114 m²,2 chambres,2 sdbs,Étage 2,"Ben Ejdia, Casablanca",13 000
86 m²,2 chambres,2 sdbs,Étage 1,"Ain Sebaa, Casablanca",896 500
73 m²,1 chambre,1 sdb,Étage 1,"Derb Omar, Casablanca",880 000
Not Specified,3 chambres,2 sdbs,Étage 1,"Abdelmoumen, Casablanca",1 500
Not Specified,Not Specified,Not Specified,Not Specified,Not Specified,920 000
Not Specified,2 chambres,2 sdbs,Étage 5,"Derb Ghallef, Casablanca",850 000
Not Specified,3 chambres,2 sdbs,Étage 1,"Quartier des Hôpitaux, Casablanca",2 490 000
56 m²,1 chambre,1 sdb,Étage 3,"Sidi Belyout, Casablanca",840 000
Not Specified,3 chambres,3 sdbs,Étage 10,"Casablanca Finance City, Casablanca",5 000 000
Not Specified,Not Specified,Not Specified,Not Specified,Not Specified,1 165 000
66 m²,2 chambres,1 sdb,Étage 1,"Oasis, Casablanca",1 588 000
90 m²,3 chambres,2 sdbs,Étage 2,"Maârif Extension, Casablanca",1 710 000
117 m²,3 chambres,1 sdb,Rez de chaussée,"Ferme Bretone, Casablanca",2 390 575
79 m²,2 chambres,2 sdbs,Étage 1,"Errahma, Casablanca",907 600
Not Specified,Not Specified,Not Specified,Not Specified,Not Specified,1 300 000
74 m²,2 chambres,2 sdbs,Étage 1,"Derb Ghallef, Casablanca",1 221 000
144 m²,3 chambres,2 sdbs,Étage 2,"Quartier des Hôpitaux, Casablanca",1 850 000
154 m²,3 chambres,2 sdbs,Étage 4,"Maarif, Casablanca",2 500 000
55 m²,1 chambre,1 sdb,Étage 2,"Abdelmoumen, Casablanca",1 360 000
Not Specified,Not Specified,Not Specified,Not Specified,Not Specified,250 000
155 m²,3 chambres,1 sdb,Rez de chaussée,"Les Princesses, Casablanca",4 357 000
Not Specified,3 chambres,Not Specified,Rez de chaussée,"Sidi Belyout, Casablanca",14 800 000
99 m²,3 chambres,2 sdbs,Étage 4,"Oulfa, Casablanca",1 000 000
Not Specified,Not Specified,Not Specified,Not Specified,Not Specified,1 218 000
Not Specified,2 chambres,2 sdbs,Étage 1,"Casablanca, Palmier",1 320 000
65 m²,2 chambres,2 sdbs,Étage 1,"Casablanca, Sidi Moumen",570 000
242 m²,3 chambres,3 sdbs,Étage 1,"Casablanca, Oasis",3 700 000
51 m²,3 chambres,1 sdb,Rez de chaussée,"Autre secteur, Casablanca",500 000
Not Specified,3 chambres,2 sdbs,Étage 1,"Californie, Casablanca",Not Specified
Not Specified,3 chambres,2 sdbs,Étage 4,"Maârif Extension, Casablanca",1 520 000
72 m²,2 chambres,2 sdbs,Étage 1,"Sidi Moumen, Casablanca",700 000
Not Specified,Not Specified,Not Specified,Not Specified,Not Specified,2 750 000
159 m²,2 chambres,2 sdbs,Étage 2,"Hay Hassani, Casablanca",1 300 000
107 m²,3 chambres,2 sdbs,Étage 1,"Aïn Chock, Casablanca",12 000
120 m²,3 chambres,1 sdb,Étage 1,"Maarif, Casablanca",2 000 000
105 m²,3 chambres,2 sdbs,Not Specified,"Sidi Bernoussi, Casablanca",975 000
Not Specified,Not Specified,Not Specified,Not Specified,Not Specified,1 800 000
55 m²,2 chambres,1 sdb,Étage 6,"Errahma, Casablanca",380 000
134 m²,3 chambres,2 sdbs,Étage 2,"Anfa, Casablanca",1 999 999
62 m²,1 chambre,1 sdb,Étage 1,"Maârif Extension, Casablanca",1 150 000
75 m²,2 chambres,2 sdbs,Étage 5,"Roches Noires, Casablanca",1 020 000
Not Specified,Not Specified,Not Specified,Not Specified,Not Specified,1 050 000
59 m²,1 chambre,2 sdbs,Étage 1,"Bachkou, Casablanca",1 000 000
86 m²,3 chambres,1 sdb,Étage 2,"Hay Hassani, Casablanca",840 000
48 m²,1 chambre,1 sdb,Étage 2,"Hay Hassani, Casablanca",1 100 000
62 m²,2 chambres,2 sdbs,Étage 2,"Abdelmoumen, Casablanca",1 430 000
Not Specified,Not Specified,Not Specified,Not Specified,Not Specified,940 000
Not Specified,1 chambre,1 sdb,Étage 1,"Les Princesses, Casablanca",1 300 000
87 m²,2 chambres,2 sdbs,Étage 2,"Ain Sebaa, Casablanca",1 060 000
200 m²,3 chambres,3 sdbs,Étage 3,"Triangle d'Or, Casablanca",2 950 000
138 m²,3 chambres,3 sdbs,Étage 2,"Maarif, Casablanca",1 800 000
Not Specified,Not Specified,Not Specified,Not Specified,Not Specified,1 800 000
85 m²,2 chambres,1 sdb,Étage 3,"Sidi Belyout, Casablanca",900 000
91 m²,3 chambres,1 sdb,Rez de chaussée,"Aïn Chock, Casablanca",800 000
48 m²,1 chambre,1 sdb,Étage 3,"Abdelmoumen, Casablanca",1 140 000
171 m²,3 chambres,3 sdbs,Étage 2,"Maarif, Casablanca",2 686 000
Not Specified,Not Specified,Not Specified,Not Specified,Not Specified,1 500 000
126 m²,2 chambres,2 sdbs,Étage 7,"Maarif, Casablanca",1 600 000
Not Specified,1 chambre,1 sdb,Étage 1,"Franceville, Casablanca",1 250 000
95 m²,2 chambres,2 sdbs,Étage 4,"Maarif, Casablanca",1 350 000
90 m²,2 chambres,2 sdbs,Étage 1,"Aïn Chock, Casablanca",1 265 000
Not Specified,Not Specified,Not Specified,Not Specified,Not Specified,882 300
71 m²,2 chambres,1 sdb,Étage 4,"Sidi Bernoussi, Casablanca",547 681
182 m²,4 chambres,2 sdbs,Étage 4,"Sidi Belyout, Casablanca",2 700 000
133 m²,2 chambres,1 sdb,Étage 5,"Aïn Borja, Casablanca",1 380 000
89 m²,2 chambres,1 sdb,Étage 1,"Gauthier, Casablanca",2 070 000
Not Specified,Not Specified,Not Specified,Not Specified,Not Specified,Not Specified
123 m²,3 chambres,2 sdbs,Étage 1,"Maârif Extension, Casablanca",1 220 000
54 m²,2 chambres,1 sdb,Étage 1,"Oulfa, Casablanca",390 000
Not Specified,1 chambre,1 sdb,Étage 1,"Palmier, Casablanca",1 250 000
Not Specified,Not Specified,Not Specified,Not Specified,Not Specified,645 750
62 m²,1 chambre,1 sdb,Étage 4,"Casablanca, Al Qods",645 000
198 m²,3 chambres,2 sdbs,Étage 2,"Casablanca, Quartier des Hôpitaux",2 550 000
74 m²,2 chambres,0 sdb,Étage 3,"Casablanca, Hay Moulay Rachid",440 000
91 m²,3 chambres,2 sdbs,Étage 2,"Ain Sebaa, Casablanca",1 086 000
85 m²,3 chambres,2 sdbs,Étage 4,"C.I.L, Casablanca",1 650 000
Not Specified,2 chambres,1 sdb,Étage 1,"Oulfa, Casablanca",430 000
44 m²,1 chambre,1 sdb,Étage 4,"Ain Sebaa, Casablanca",528 000
Not Specified,Not Specified,Not Specified,Not Specified,Not Specified,745 500
59 m²,2 chambres,2 sdbs,Étage 3,"Ain Sebaa, Casablanca",708 000
130 m²,3 chambres,0 sdb,Étage 9,"Autre secteur, Casablanca",1 150 000
58 m²,2 chambres,1 sdb,Étage 1,"Ain Sebaa, Casablanca",400 000
157 m²,2 chambres,2 sdbs,Not Specified,"Maarif, Casablanca",1 700 000
Not Specified,Not Specified,Not Specified,Not Specified,Not Specified,925 000
52 m²,1 chambre,1 sdb,Étage 1,"Maarif, Casablanca",1 000 000
Not Specified,Not Specified,Not Specified,Not Specified,Casablanca,260 000
50 m²,2 chambres,1 sdb,Étage 4,"Oulfa, Casablanca",270 000
Not Specified,2 chambres,1 sdb,Étage 3,"Sidi Bernoussi, Casablanca",460 000
Not Specified,Not Specified,Not Specified,Not Specified,Not Specified,3 550 000
143 m²,3 chambres,2 sdbs,Étage 3,"Californie, Casablanca",2 130 000
47 m²,1 chambre,1 sdb,Étage 1,"Oasis, Casablanca",7 500
98 m²,3 chambres,2 sdbs,Rez de chaussée,"Oulfa, Casablanca",1 100 000
Not Specified,3 chambres,3 sdbs,Étage 3,"Les Princesses, Casablanca",2 500 000
Not Specified,Not Specified,Not Specified,Not Specified,Not Specified,670 000
76 m²,1 chambre,2 sdbs,Étage 4,"La Gironde, Casablanca",880 000
192 m²,3 chambres,2 sdbs,Étage 1,"Californie, Casablanca",2 880 000
46 m²,1 chambre,1 sdb,Étage 1,"Al Qods, Casablanca",320 000
100 m²,2 chambres,2 sdbs,Étage 1,"Ain Sebaa, Casablanca",1 050 000
Not Specified,Not Specified,Not Specified,Not Specified,Not Specified,465 000
87 m²,2 chambres,2 sdbs,Étage 4,"Ain Sebaa, Casablanca",895 000
Not Specified,2 chambres,1 sdb,Étage 4,"Sidi Moumen, Casablanca",Not Specified
84 m²,2 chambres,1 sdb,Étage 2,"Sidi Bernoussi, Casablanca",540 000
122 m²,3 chambres,2 sdbs,Étage 1,"Abdelmoumen, Casablanca",1 600 000
Not Specified,Not Specified,Not Specified,Not Specified,Not Specified,762 500
55 m²,2 chambres,1 sdb,Étage 1,"Sidi Bernoussi, Casablanca",360 000
55 m²,2 chambres,1 sdb,Étage 1,"Errahma, Casablanca",360 000
93 m²,2 chambres,2 sdbs,Étage 5,"Roches Noires, Casablanca",1 100 000
87 m²,3 chambres,1 sdb,Étage 2,"Maarif, Casablanca",124 000 000
Not Specified,Not Specified,Not Specified,Not Specified,Not Specified,637 500
40 m²,1 chambre,1 sdb,Étage 4,"Belvédère, Casablanca",690 000
Not Specified,Not Specified,Not Specified,Not Specified,"Ain Sebaa, Casablanca",Not Specified
56 m²,2 chambres,1 sdb,Étage 4,"Sidi Moumen, Casablanca",Not Specified
95 m²,2 chambres,1 sdb,Étage 1,"Aïn Diab, Casablanca",2 650 000
Not Specified,Not Specified,Not Specified,Not Specified,Not Specified,1 885 000
106 m²,3 chambres,3 sdbs,Étage 4,"Ain Sebaa, Casablanca",1 080 000
126 m²,3 chambres,2 sdbs,Étage 3,"Ain Sebaa, Casablanca",1 400 000
60 m²,3 chambres,1 sdb,Étage 1,"Sidi Bernoussi, Casablanca",500 000
Not Specified,Not Specified,Not Specified,Not Specified,Not Specified,11 000
Not Specified,2 chambres,1 sdb,Étage 6,"Casablanca, Abdelmoumen",1 490 000
65 m²,2 chambres,2 sdbs,Étage 1,"Casablanca, Sidi Moumen",570 000
141 m²,3 chambres,2 sdbs,Étage 2,"Casablanca, Abdelmoumen",Not Specified
72 m²,2 chambres,1 sdb,Étage 1,"Hay Hassani, Casablanca",760 000
62 m²,2 chambres,1 sdb,Étage 3,"Hay Hassani, Casablanca",450 000
62 m²,2 chambres,1 sdb,Étage 3,"Hay Hassani, Casablanca",45
Not Specified,2 chambres,2 sdbs,Étage 2,"Californie, Casablanca",1 400 000
Not Specified,Not Specified,Not Specified,Not Specified,Not Specified,900 000
100 m²,2 chambres,2 sdbs,Étage 1,"Oulfa, Casablanca",125
111 m²,3 chambres,1 sdb,Étage 3,"Maarif, Casablanca",1 450 000
99 m²,2 chambres,1 sdb,Étage 2,"Oulfa, Casablanca",900 000
Not Specified,2 chambres,2 sdbs,Étage 1,"Ben Ejdia, Casablanca",900 000
Not Specified,Not Specified,Not Specified,Not Specified,Not Specified,1 067 500
140 m²,3 chambres,2 sdbs,Étage 4,"Palmier, Casablanca",2 350 000
68 m²,2 chambres,1 sdb,Étage 1,"Ain Sebaa, Casablanca",38
Not Specified,2 chambres,2 sdbs,Étage 3,"Belvédère, Casablanca",90 000
Not Specified,2 chambres,1 sdb,Étage 1,"Sidi Bernoussi, Casablanca",Not Specified
Not Specified,Not Specified,Not Specified,Not Specified,Not Specified,750 000
86 m²,3 chambres,1 sdb,Étage 4,"Errahma, Casablanca",520 000
Not Specified,Not Specified,Not Specified,Not Specified,"Derb Ghallef, Casablanca",7 500
140 m²,4 chambres,2 sdbs,Rez de chaussée,"C.I.L, Casablanca",1 400 000
102 m²,2 chambres,2 sdbs,Étage 1,"Maarif, Casablanca",115 000
Not Specified,Not Specified,Not Specified,Not Specified,Not Specified,570 000
92 m²,4 chambres,2 sdbs,Étage 3,"Sidi Bernoussi, Casablanca",84
150 m²,5 chambres,2 sdbs,Étage 1,"Aïn Chock, Casablanca",1 400 000
98 m²,2 chambres,2 sdbs,Rez de chaussée,"Ain Sebaa, Casablanca",830 000
80 m²,2 chambres,2 sdbs,Étage 5,"Ain Sebaa, Casablanca",900 000
Not Specified,Not Specified,Not Specified,Not Specified,Not Specified,870 000
80 m²,2 chambres,2 sdbs,Étage 2,"Oasis, Casablanca",1 460 000
116 m²,3 chambres,2 sdbs,Étage 4,"2 Mars, Casablanca",1 700 000
65 m²,2 chambres,2 sdbs,Étage 1,"Sidi Bernoussi, Casablanca",680 000
56 m²,2 chambres,1 sdb,Étage 2,"Errahma, Casablanca",500 000
Not Specified,Not Specified,Not Specified,Not Specified,Not Specified,9 800
81 m²,3 chambres,1 sdb,Étage 4,"Sidi Bernoussi, Casablanca",820 000
57 m²,2 chambres,1 sdb,Étage 2,"Sidi Maarouf, Casablanca",560 000
74 m²,2 chambres,1 sdb,Étage 3,"Ain Sebaa, Casablanca",420 000
91 m²,3 chambres,1 sdb,Étage 2,Casablanca,820 000
Not Specified,Not Specified,Not Specified,Not Specified,Not Specified,930 000
51 m²,2 chambres,1 sdb,Étage 4,"Errahma, Casablanca",32 000 000
52 m²,1 chambre,1 sdb,Étage 1,"Oulfa, Casablanca",440 000
49 m²,2 chambres,1 sdb,Étage 1,"Oulfa, Casablanca",360 000
103 m²,3 chambres,1 sdb,Étage 3,"Franceville, Casablanca",1 600 000
Not Specified,Not Specified,Not Specified,Not Specified,Not Specified,1 196 000
55 m²,2 chambres,1 sdb,Étage 3,"Sidi Maarouf, Casablanca",350 000
Not Specified,1 chambre,1 sdb,Étage 4,"Sidi Moumen, Casablanca",500
136 m²,3 chambres,2 sdbs,Étage 1,"Oulfa, Casablanca",1 700 000
Not Specified,Not Specified,Not Specified,Not Specified,Not Specified,1 060 000
Not Specified,2 chambres,2 sdbs,Étage 1,"Casablanca, Palmier",1 320 000
99 m²,3 chambres,2 sdbs,Étage 4,"Casablanca, Oulfa",1 000 000
Not Specified,3 chambres,2 sdbs,Étage 1,"Casablanca, Maarif",1 760 000
Not Specified,2 chambres,Not Specified,Étage 5,"Belvédère, Casablanca",Not Specified
52 m²,1 chambre,1 sdb,Étage 2,"Ain Sebaa, Casablanca",Not Specified
Not Specified,1 chambre,1 sdb,Étage 2,"Abdelmoumen, Casablanca",Not Specified
60 m²,2 chambres,1 sdb,Étage 3,"2 Mars, Casablanca",1 250 000
Not Specified,Not Specified,Not Specified,Not Specified,Not Specified,990 000
64 m²,2 chambres,2 sdbs,Étage 4,"Al Fida, Casablanca",850 000
Not Specified,2 chambres,1 sdb,Étage 3,"Sidi Maarouf, Casablanca",520 000
124 m²,3 chambres,2 sdbs,Étage 4,"Beauséjour, Casablanca",1 250 000
Not Specified,2 chambres,1 sdb,Étage 2,"Oulfa, Casablanca",360 000
Not Specified,Not Specified,Not Specified,Not Specified,Not Specified,1 600 000
56 m²,2 chambres,1 sdb,Étage 3,"Sidi Moumen, Casablanca",1
57 m²,1 chambre,1 sdb,Étage 1,"Palmier, Casablanca",1 050 000
78 m²,2 chambres,2 sdbs,Étage 5,"Oulfa, Casablanca",980 000
145 m²,4 chambres,3 sdbs,Étage 4,"Palmier, Casablanca",2 610 000
Not Specified,Not Specified,Not Specified,Not Specified,Not Specified,1 632 000
135 m²,3 chambres,2 sdbs,Rez de chaussée,"Sidi Maarouf, Casablanca",1 390 000
117 m²,3 chambres,2 sdbs,Étage 1,"Les Princesses, Casablanca",1 800 000
98 m²,2 chambres,1 sdb,Étage 3,"Ferme Bretone, Casablanca",1 900 000
163 m²,3 chambres,2 sdbs,Rez de chaussée,"Oasis, Casablanca",3 250 000
Not Specified,Not Specified,Not Specified,Not Specified,Not Specified,1 425 000
56 m²,2 chambres,1 sdb,Étage 2,"Sidi Bernoussi, Casablanca",400 000
168 m²,3 chambres,2 sdbs,Étage 5,"Anfa, Casablanca",3 100 000
98 m²,3 chambres,2 sdbs,Étage 1,"Oulfa, Casablanca",700 000
46 m²,3 chambres,1 sdb,Étage 4,"Oulfa, Casablanca",32
Not Specified,Not Specified,Not Specified,Not Specified,Not Specified,700 000
56 m²,1 chambre,1 sdb,Rez de chaussée,"Anfa, Casablanca",800 000
Not Specified,1 chambre,1 sdb,Étage 3,"Centre Ville, Casablanca",280 000
Not Specified,2 chambres,1 sdb,Étage 5,"Oulfa, Casablanca",1 400 000
280 m²,4 chambres,2 sdbs,Étage 2,"Racine, Casablanca",4 400 000
Not Specified,Not Specified,Not Specified,Not Specified,Not Specified,11 500
134 m²,2 chambres,2 sdbs,Étage 1,"Autre secteur, Casablanca",1 850 000
150 m²,3 chambres,2 sdbs,Étage 2,"Palmier, Casablanca",2 400 000
100 m²,2 chambres,1 sdb,Étage 1,"Oasis, Casablanca",1 450 000
165 m²,3 chambres,2 sdbs,Étage 2,"Autre secteur, Casablanca",1 750 000
Not Specified,Not Specified,Not Specified,Not Specified,Not Specified,1 900 000
170 m²,3 chambres,2 sdbs,Étage 3,"Californie, Casablanca",3 500 000
180 m²,3 chambres,2 sdbs,Étage 1,"Autre secteur, Casablanca",2 000 000
191 m²,2 chambres,1 sdb,Étage 4,"Maarif, Casablanca",1 800 000
199 m²,3 chambres,2 sdbs,Not Specified,"Bachkou, Casablanca",2 350 000
Not Specified,Not Specified,Not Specified,Not Specified,Not Specified,1 010 000
201 m²,3 chambres,2 sdbs,Étage 5,"Autre secteur, Casablanca",2 400 000
135 m²,3 chambres,1 sdb,Étage 3,"Californie, Casablanca",2 000 000
90 m²,2 chambres,1 sdb,Étage 3,"2 Mars, Casablanca",1 300 000
Not Specified,Not Specified,Not Specified,Not Specified,Not Specified,1 115 000
56 m²,1 chambre,1 sdb,Étage 5,"Casablanca, Oasis",1 100 000
99 m²,3 chambres,1 sdb,Étage 1,"Casablanca, Aïn Chock",900 000
62 m²,1 chambre,1 sdb,Étage 4,"Casablanca, Al Qods",645 000
145 m²,3 chambres,2 sdbs,Étage 5,"Autre secteur, Casablanca",2 058 000
92 m²,2 chambres,2 sdbs,Étage 1,"Les Princesses, Casablanca",1 300 000
Not Specified,1 chambre,1 sdb,Étage 5,"La Gironde, Casablanca",Not Specified
103 m²,3 chambres,1 sdb,Not Specified,"Bachkou, Casablanca",1 600 000
Not Specified,Not Specified,Not Specified,Not Specified,Not Specified,1 290 800
129 m²,3 chambres,2 sdbs,Étage 5,"Palmier, Casablanca",2 064 000
115 m²,3 chambres,2 sdbs,Étage 1,"Oasis, Casablanca",2 157 000
128 m²,2 chambres,2 sdbs,Étage 1,"Anfa, Casablanca",3 700 000
208 m²,3 chambres,2 sdbs,Étage 1,"Racine, Casablanca",3 200 000
Not Specified,Not Specified,Not Specified,Not Specified,Not Specified,360 000
95 m²,2 chambres,2 sdbs,Étage 5,"La Gironde, Casablanca",Not Specified
223 m²,3 chambres,3 sdbs,Étage 2,"Maarif, Casablanca",3 980 000
169 m²,3 chambres,2 sdbs,Étage 3,"Anfa, Casablanca",4 500 000
100 m²,3 chambres,2 sdbs,Étage 4,"Gauthier, Casablanca",1 800 000
Not Specified,Not Specified,Not Specified,Not Specified,Not Specified,1 050 000
80 m²,2 chambres,0 sdb,Étage 3,"Oulfa, Casablanca",810 000
50 m²,2 chambres,1 sdb,Étage 2,"Autre secteur, Casablanca",Not Specified
143 m²,3 chambres,2 sdbs,Étage 1,"Riviera, Casablanca",2 500 000
159 m²,3 chambres,2 sdbs,Étage 3,"Autre secteur, Casablanca",2 200 000
Not Specified,Not Specified,Not Specified,Not Specified,Not Specified,980 000
200 m²,3 chambres,2 sdbs,Étage 3,"Racine, Casablanca",3 100 000
118 m²,2 chambres,1 sdb,Not Specified,"Autre secteur, Casablanca",1 380 000
120 m²,3 chambres,2 sdbs,Étage 2,"Maarif, Casablanca",1 850 000
99 m²,3 chambres,2 sdbs,Étage 1,"Sidi Maarouf, Casablanca",902 500
Not Specified,Not Specified,Not Specified,Not Specified,Not Specified,790 000
Not Specified,3 chambres,1 sdb,Étage 3,"Les Princesses, Casablanca",1 100 000
50 m²,2 chambres,1 sdb,Étage 2,"Nassim, Casablanca",36 000
55 m²,2 chambres,1 sdb,Étage 4,"Sidi Maarouf, Casablanca",570 000
Not Specified,2 chambres,2 sdbs,Rez de chaussée,"Oulfa, Casablanca",1 290 000
Not Specified,Not Specified,Not Specified,Not Specified,Not Specified,471 000
Not Specified,2 chambres,2 sdbs,Étage 4,"Sidi Moumen, Casablanca",500 000
180 m²,3 chambres,2 sdbs,Étage 4,"Racine, Casablanca",4 500 000
54 m²,2 chambres,1 sdb,Étage 4,"Hay Hassani, Casablanca",400 000
77 m²,3 chambres,2 sdbs,Rez de chaussée,"Autre secteur, Casablanca",870 000
Not Specified,Not Specified,Not Specified,Not Specified,Not Specified,892 500
107 m²,3 chambres,3 sdbs,Étage 4,"Belvédère, Casablanca",11 900
250 m²,3 chambres,3 sdbs,Étage 2,"Anfa, Casablanca",2 600 000
45 m²,1 chambre,1 sdb,Étage 3,"Oulfa, Casablanca",720 000
110 m²,3 chambres,2 sdbs,Étage 2,"Sidi Bernoussi, Casablanca",530 000
Not Specified,Not Specified,Not Specified,Not Specified,Not Specified,250 000
68 m²,2 chambres,1 sdb,Étage 5,"Maarif, Casablanca",1 220 000
111 m²,2 chambres,2 sdbs,Étage 6,"Bourgogne, Casablanca",1 554 000
85 m²,2 chambres,2 sdbs,Étage 1,"Ain Sebaa, Casablanca",815 000
Not Specified,Not Specified,Not Specified,Not Specified,Not Specified,1 600 000
48 m²,1 chambre,1 sdb,Étage 1,"Casablanca, Abdelmoumen",1 170 000
Not Specified,3 chambres,2 sdbs,Étage 4,"Casablanca, Maârif Extension",1 520 000
56 m²,1 chambre,1 sdb,Étage 5,"Casablanca, Oasis",1 100 000
204 m²,2 chambres,2 sdbs,Étage 3,"Autre secteur, Casablanca",960 000
127 m²,2 chambres,2 sdbs,Rez de chaussée,"2 Mars, Casablanca",1 500 000
66 m²,2 chambres,1 sdb,Étage 1,"Riviera, Casablanca",Not Specified
Not Specified,2 chambres,1 sdb,Étage 4,"Oulfa, Casablanca",600 000
Not Specified,Not Specified,Not Specified,Not Specified,Not Specified,1 135 000
98 m²,3 chambres,2 sdbs,Étage 1,"Sidi Maarouf, Casablanca",740 000
Not Specified,2 chambres,1 sdb,Étage 4,"Oulfa, Casablanca",260 000
117 m²,2 chambres,2 sdbs,Étage 2,"Roches Noires, Casablanca",11 200
94 m²,3 chambres,2 sdbs,Étage 1,"Maarif, Casablanca",1 500 000
Not Specified,Not Specified,Not Specified,Not Specified,Not Specified,1 170 000
332 m²,5 chambres,3 sdbs,Étage 5,"Hay Hassani, Casablanca",2 950 000
120 m²,3 chambres,2 sdbs,Étage 2,"Aïn Chock, Casablanca",165 000 000
Not Specified,3 chambres,2 sdbs,Étage 4,"Anfa, Casablanca",1 600 000
128 m²,2 chambres,2 sdbs,Étage 4,"Quartier des Hôpitaux, Casablanca",1 500 000
Not Specified,Not Specified,Not Specified,Not Specified,Not Specified,1 092 000
83 m²,2 chambres,1 sdb,Étage 4,"Errahma, Casablanca",720 000
135 m²,3 chambres,1 sdb,Étage 4,"Les Princesses, Casablanca",2 000 000
127 m²,2 chambres,2 sdbs,Étage 1,"Quartier des Hôpitaux, Casablanca",1 800 000
107 m²,4 chambres,2 sdbs,Étage 3,"Ain Sebaa, Casablanca",1 050 000
Not Specified,Not Specified,Not Specified,Not Specified,Not Specified,2 460 000
62 m²,2 chambres,1 sdb,Étage 1,"Aïn Chock, Casablanca",660 000
132 m²,3 chambres,2 sdbs,Étage 2,Casablanca,1 350 000
103 m²,2 chambres,1 sdb,Not Specified,"Oulfa, Casablanca",830 000
131 m²,3 chambres,3 sdbs,Étage 2,"Ferme Bretone, Casablanca",3 300 000
Not Specified,Not Specified,Not Specified,Not Specified,Not Specified,8 000
Not Specified,2 chambres,3 sdbs,Étage 2,"Palmier, Casablanca",2 600 000
Not Specified,3 chambres,3 sdbs,Étage 4,"Quartier des Hôpitaux, Casablanca",Not Specified
60 m²,2 chambres,1 sdb,Étage 3,"Bournazil, Casablanca",Not Specified
78 m²,2 chambres,2 sdbs,Étage 3,"Autre secteur, Casablanca",700 000
Not Specified,Not Specified,Not Specified,Not Specified,Not Specified,739 000
95 m²,2 chambres,1 sdb,Étage 1,"Oulfa, Casablanca",12 000
59 m²,1 chambre,1 sdb,Rez de chaussée,"Quartier des Hôpitaux, Casablanca",750 000
106 m²,3 chambres,2 sdbs,Rez de chaussée,"Sidi Maarouf, Casablanca",1 264 500
85 m²,3 chambres,2 sdbs,Étage 5,"Aïn Borja, Casablanca",89 000
Not Specified,Not Specified,Not Specified,Not Specified,Not Specified,750 000
Not Specified,3 chambres,2 sdbs,Étage 5,"Ain Sebaa, Casablanca",Not Specified
Not Specified,2 chambres,1 sdb,Étage 3,"Bournazil, Casablanca",Not Specified
Not Specified,1 chambre,1 sdb,Étage 1,"Quartier des Hôpitaux, Casablanca",5 500
56 m²,2 chambres,1 sdb,Étage 4,"Lissasfa, Casablanca",300 000
Not Specified,Not Specified,Not Specified,Not Specified,Not Specified,2 227 500
Not Specified,Not Specified,Not Specified,Not Specified,"Maarif, Casablanca",107 000
Not Specified,2 chambres,Not Specified,Étage 1,"Belvédère, Casablanca",1 290 000
Not Specified,2 chambres,1 sdb,Étage 3,"Aïn Chock, Casablanca",600 000
Not Specified,Not Specified,Not Specified,Not Specified,Not Specified,473 675
97 m²,2 chambres,2 sdbs,Étage 3,"Casablanca, Ferme Bretone",1 940 000
Not Specified,3 chambres,2 sdbs,Étage 4,"Casablanca, Maârif Extension",1 520 000
54 m²,1 chambre,1 sdb,Étage 5,"Casablanca, Maarif",1 295 900
60 m²,2 chambres,1 sdb,Rez de chaussée,"Hay Hassani, Casablanca",500 000
40 m²,1 chambre,1 sdb,Rez de chaussée,"Errahma, Casablanca",250 000
40 m²,1 chambre,1 sdb,Rez de chaussée,"Errahma, Casablanca",250 000
233 m²,3 chambres,3 sdbs,Étage 4,"Racine, Casablanca",4 500 000
Not Specified,Not Specified,Not Specified,Not Specified,Not Specified,1 075 000
Not Specified,3 chambres,2 sdbs,Étage 2,"Belvédère, Casablanca",1 400 000
70 m²,1 chambre,1 sdb,Étage 2,"Errahma, Casablanca",265 000
56 m²,2 chambres,1 sdb,Rez de chaussée,"Oulfa, Casablanca",450 000
101 m²,3 chambres,2 sdbs,Étage 5,"Belvédère, Casablanca",1 500 000
Not Specified,Not Specified,Not Specified,Not Specified,Not Specified,1 595 000
80 m²,2 chambres,1 sdb,Étage 1,"Ain Sebaa, Casablanca",72
92 m²,2 chambres,2 sdbs,Étage 2,"Autre secteur, Casablanca",1 450 000
95 m²,2 chambres,1 sdb,Étage 16,"Centre Ville, Casablanca",1 300 000
Not Specified,Not Specified,Not Specified,Not Specified,"Sidi Bernoussi, Casablanca",Not Specified
Not Specified,Not Specified,Not Specified,Not Specified,Not Specified,Not Specified
Not Specified,2 chambres,2 sdbs,Étage 2,"Ain Sebaa, Casablanca",955 500
116 m²,2 chambres,2 sdbs,Étage 1,"Almaz, Casablanca",1 950 000
100 m²,3 chambres,2 sdbs,Rez de chaussée,"Sidi Bernoussi, Casablanca",Not Specified
56 m²,1 chambre,1 sdb,Étage 3,"Val Fleuri, Casablanca",1 680 000
Not Specified,Not Specified,Not Specified,Not Specified,Not Specified,900 000
72 m²,2 chambres,Not Specified,Étage 2,"Ain Sebaa, Casablanca",850 000
Not Specified,3 chambres,1 sdb,Rez de chaussée,"Sidi Bernoussi, Casablanca",700 000
80 m²,2 chambres,2 sdbs,Étage 2,"Ain Sebaa, Casablanca",1 080 000
59 m²,2 chambres,1 sdb,Étage 3,"Sidi Moumen, Casablanca",42
Not Specified,Not Specified,Not Specified,Not Specified,Not Specified,1 650 000
57 m²,2 chambres,1 sdb,Étage 4,"Autre secteur, Casablanca",260 000
106 m²,2 chambres,2 sdbs,Étage 1,"Autre secteur, Casablanca",1 400 000
138 m²,2 chambres,2 sdbs,Rez de chaussée,"Les Princesses, Casablanca",1 600 000
117 m²,3 chambres,1 sdb,Étage 1,"Maarif, Casablanca",3 000 000
Not Specified,Not Specified,Not Specified,Not Specified,Not Specified,1 326 000
81 m²,3 chambres,1 sdb,Étage 1,"Aïn Borja, Casablanca",1 050 000
64 m²,1 chambre,1 sdb,Étage 1,"Al Fida, Casablanca",450
179 m²,3 chambres,2 sdbs,Étage 1,"Alsace Lorraine, Casablanca",1 500 000
Not Specified,2 chambres,2 sdbs,Étage 5,"Belvédère, Casablanca",1 400 000
Not Specified,Not Specified,Not Specified,Not Specified,Not Specified,620 000
68 m²,2 chambres,2 sdbs,Rez de chaussée,"Maârif Extension, Casablanca",950 000
75 m²,2 chambres,2 sdbs,Étage 1,"Aïn Borja, Casablanca",1 008 000
111 m²,3 chambres,2 sdbs,Étage 4,"Belvédère, Casablanca",Not Specified
Not Specified,3 chambres,2 sdbs,Étage 2,"Ferme Bretone, Casablanca",1 900 000
Not Specified,Not Specified,Not Specified,Not Specified,Not Specified,1 750 000
150 m²,3 chambres,2 sdbs,Étage 1,"Belvédère, Casablanca",1 500 000
86 m²,3 chambres,2 sdbs,Étage 2,"Hay El Farah, Casablanca",780 000
62 m²,2 chambres,1 sdb,Étage 1,"Route d'Azemmour, Casablanca",450 000
Not Specified,Not Specified,Not Specified,Not Specified,Not Specified,9 900
112 m²,3 chambres,2 sdbs,Étage 1,"Casablanca, Ain Sebaa",945 000
65 m²,2 chambres,2 sdbs,Étage 1,"Casablanca, Sidi Moumen",570 000
64 m²,1 chambre,1 sdb,Étage 5,"Casablanca, Casablanca Finance City",800 000
101 m²,2 chambres,2 sdbs,Étage 3,"Autre secteur, Casablanca",1 306 113
47 m²,1 chambre,1 sdb,Étage 2,"Maarif, Casablanca",1 300 000
50 m²,1 chambre,1 sdb,Étage 4,"Sidi Belyout, Casablanca",1 200 000
164 m²,3 chambres,3 sdbs,Étage 4,"Derb Ghallef, Casablanca",1 800 000
Not Specified,Not Specified,Not Specified,Not Specified,Not Specified,990 000
74 m²,2 chambres,1 sdb,Étage 3,"Sidi Moumen, Casablanca",65
55 m²,2 chambres,1 sdb,Étage 1,"Sidi Othmane, Casablanca",360 000
107 m²,3 chambres,1 sdb,Étage 5,"La Gironde, Casablanca",1 300 000
58 m²,2 chambres,1 sdb,Rez de chaussée,"Errahma, Casablanca",300 000
Not Specified,Not Specified,Not Specified,Not Specified,Not Specified,901 000
118 m²,3 chambres,2 sdbs,Étage 5,"Belvédère, Casablanca",140
44 m²,1 chambre,Not Specified,Étage 5,"Oulfa, Casablanca",910 000
44 m²,1 chambre,1 sdb,Étage 5,"Oulfa, Casablanca",910 000
65 m²,2 chambres,1 sdb,Étage 3,Casablanca,Not Specified
Not Specified,Not Specified,Not Specified,Not Specified,Not Specified,390 000
58 m²,2 chambres,1 sdb,Rez de chaussée,"Errahma, Casablanca",300 000
131 m²,2 chambres,3 sdbs,Étage 3,"La Gironde, Casablanca",1 400 000
67 m²,2 chambres,1 sdb,Rez de chaussée,"Sidi Othmane, Casablanca",500
Not Specified,4 chambres,Not Specified,Étage 4,"Gauthier, Casablanca",3 000 000
Not Specified,Not Specified,Not Specified,Not Specified,Not Specified,230 000
70 m²,2 chambres,1 sdb,Étage 2,"Oulfa, Casablanca",400 000
52 m²,2 chambres,1 sdb,Étage 4,"Oulfa, Casablanca",350 000
75 m²,2 chambres,0 sdb,Étage 3,"Hay Sadri, Casablanca",650 000
70 m²,2 chambres,1 sdb,Étage 2,"Oulfa, Casablanca",400 000
Not Specified,Not Specified,Not Specified,Not Specified,Not Specified,3 850 000
75 m²,2 chambres,1 sdb,Étage 4,"Ain Sebaa, Casablanca",Not Specified
60 m²,2 chambres,2 sdbs,Rez de chaussée,"Ain Sebaa, Casablanca",380 000
41 m²,1 chambre,1 sdb,Étage 3,"Oasis, Casablanca",1 020 000
101 m²,2 chambres,1 sdb,Rez de chaussée,"Ain Sebaa, Casablanca",990 000
Not Specified,Not Specified,Not Specified,Not Specified,Not Specified,Not Specified
55 m²,2 chambres,1 sdb,Étage 1,"Sidi Maarouf, Casablanca",100
73 m²,3 chambres,1 sdb,Étage 3,"Errahma, Casablanca",520 000
79 m²,2 chambres,1 sdb,Étage 3,"Al Fida, Casablanca",720 000
Not Specified,2 chambres,1 sdb,Étage 3,"Bourgogne, Casablanca",1 000 000
Not Specified,Not Specified,Not Specified,Not Specified,Not Specified,900 000
Not Specified,3 chambres,Not Specified,Étage 5,"Aïn Borja, Casablanca",1 240 000
118 m²,3 chambres,1 sdb,Étage 1,"Al Mostakbal, Casablanca",1 080 000
91 m²,2 chambres,2 sdbs,Étage 3,"Ain Sebaa, Casablanca",1 046 000
78 m²,3 chambres,1 sdb,Étage 6,"Aïn Borja, Casablanca",700 000
Not Specified,Not Specified,Not Specified,Not Specified,Not Specified,1 037 000
Not Specified,6 chambres,3 sdbs,Étage 2,"Autre secteur, Casablanca",105 000 000
Not Specified,Not Specified,Not Specified,Not Specified,"Abdelmoumen, Casablanca",Not Specified
94 m²,2 chambres,2 sdbs,Étage 1,"Roches Noires, Casablanca",950 000
Not Specified,Not Specified,Not Specified,Not Specified,Not Specified,579 600
Not Specified,2 chambres,1 sdb,Étage 6,"Casablanca, Abdelmoumen",1 490 000
62 m²,1 chambre,1 sdb,Étage 4,"Casablanca, Al Qods",645 000
98 m²,3 chambres,1 sdb,Étage 3,"Casablanca, Sidi Moumen",630 000
83 m²,3 chambres,1 sdb,Étage 1,"Sidi Bernoussi, Casablanca",860 000
132 m²,3 chambres,2 sdbs,Étage 2,"Californie, Casablanca",2 400 000
87 m²,3 chambres,1 sdb,Étage 2,"Maarif, Casablanca",1 200 000
Not Specified,3 chambres,2 sdbs,Étage 4,"Ain Sebaa, Casablanca",1 150 000
Not Specified,Not Specified,Not Specified,Not Specified,Not Specified,1 530 000
58 m²,2 chambres,1 sdb,Étage 4,"Aïn Chock, Casablanca",Not Specified
Not Specified,2 chambres,1 sdb,Étage 2,"Sidi Moumen, Casablanca",73
Not Specified,2 chambres,1 sdb,Étage 3,"Sidi Maarouf, Casablanca",581 400
Not Specified,3 chambres,2 sdbs,Étage 2,"Racine, Casablanca",1 900 000
Not Specified,Not Specified,Not Specified,Not Specified,Not Specified,1 834 700
Not Specified,3 chambres,2 sdbs,Étage 2,"Oasis, Casablanca",2 450 000
Not Specified,2 chambres,Not Specified,Étage 1,"Hay Albaraka, Casablanca",Not Specified
Not Specified,3 chambres,2 sdbs,Étage 2,"Ferme Bretone, Casablanca",2 700 000
Not Specified,2 chambres,2 sdbs,Étage 1,"2 Mars, Casablanca",1 500 000
Not Specified,Not Specified,Not Specified,Not Specified,Not Specified,696 000
Not Specified,2 chambres,2 sdbs,Étage 3,"Oasis, Casablanca",1 050 000
Not Specified,3 chambres,2 sdbs,Étage 1,"2 Mars, Casablanca",2 600 000
Not Specified,2 chambres,1 sdb,Étage 1,"2 Mars, Casablanca",Not Specified
Not Specified,3 chambres,2 sdbs,Étage 5,"Triangle d'Or, Casablanca",3 100 000
Not Specified,Not Specified,Not Specified,Not Specified,Not Specified,1 540 000
76 m²,2 chambres,1 sdb,Étage 4,"Roches Noires, Casablanca",720 000
42 m²,1 chambre,1 sdb,Étage 3,"Maarif, Casablanca",920 000
Not Specified,1 chambre,1 sdb,Étage 4,"Marina, Casablanca",2 500 000
47 m²,1 chambre,1 sdb,Étage 3,"Casablanca Finance City, Casablanca",2 100 000
Not Specified,Not Specified,Not Specified,Not Specified,Not Specified,1 092 000
68 m²,2 chambres,1 sdb,Étage 3,"Ain Sebaa, Casablanca",580 000
150 m²,3 chambres,2 sdbs,Étage 1,"Belvédère, Casablanca",1 500 000
80 m²,2 chambres,1 sdb,Étage 4,"Bourgogne, Casablanca",1 100 000
55 m²,2 chambres,2 sdbs,Étage 4,"Ain Sebaa, Casablanca",425 000
Not Specified,Not Specified,Not Specified,Not Specified,Not Specified,1 020 000
72 m²,1 chambre,2 sdbs,Étage 4,"Ferme Bretone, Casablanca",1 500 000
84 m²,2 chambres,2 sdbs,Étage 3,"Anfa, Casablanca",1 650 000
Not Specified,2 chambres,2 sdbs,Étage 3,"Les Princesses, Casablanca",2 325 000
66 m²,2 chambres,1 sdb,Étage 3,"Gauthier, Casablanca",1 470 000
Not Specified,Not Specified,Not Specified,Not Specified,Not Specified,850 000
Not Specified,2 chambres,1 sdb,Étage 2,"Sidi Bernoussi, Casablanca",700 000
148 m²,3 chambres,2 sdbs,Étage 2,"Maarif, Casablanca",1 900 000
41 m²,1 chambre,1 sdb,Étage 1,"Roches Noires, Casablanca",640 000
114 m²,2 chambres,2 sdbs,Étage 1,"Beauséjour, Casablanca",1 950 000
Not Specified,Not Specified,Not Specified,Not Specified,Not Specified,2 300 000
105 m²,2 chambres,2 sdbs,Étage 2,"Alsace Lorraine, Casablanca",1 800 000
60 m²,1 chambre,1 sdb,Étage 2,"Bourgogne, Casablanca",1 100 000
47 m²,1 chambre,1 sdb,Étage 5,"Maarif, Casablanca",940 000
Not Specified,Not Specified,Not Specified,Not Specified,Not Specified,1 150 000
129 m²,2 chambres,3 sdbs,Étage 1,"Casablanca, Aïn Diab",1 820 000
76 m²,3 chambres,2 sdbs,Étage 2,"Casablanca, Almaz",896 800
153 m²,3 chambres,3 sdbs,Étage 3,"Casablanca, Ferme Bretone",2 950 000
54 m²,1 chambre,1 sdb,Étage 4,"Palmier, Casablanca",1 235 000
158 m²,3 chambres,2 sdbs,Étage 5,"Palmier, Casablanca",2 650 000
75 m²,2 chambres,1 sdb,Étage 1,"Ain Sebaa, Casablanca",12 000
Not Specified,Not Specified,Not Specified,Not Specified,Casablanca,4
Not Specified,Not Specified,Not Specified,Not Specified,Not Specified,2 250 000
Not Specified,3 chambres,1 sdb,Étage 3,"Palmier, Casablanca",1 700 000
131 m²,3 chambres,2 sdbs,Étage 4,"Beauséjour, Casablanca",1 800 000
101 m²,1 chambre,2 sdbs,Étage 3,"Aïn Chock, Casablanca",130 000
79 m²,3 chambres,1 sdb,Étage 4,"Aïn Borja, Casablanca",730 000
Not Specified,Not Specified,Not Specified,Not Specified,Not Specified,11 500
130 m²,3 chambres,Not Specified,Étage 3,"Bourgogne, Casablanca",2 535 000
113 m²,3 chambres,2 sdbs,Étage 3,"Beauséjour, Casablanca",900 000
73 m²,1 chambre,1 sdb,Étage 1,"Oasis, Casablanca",1 350 000
78 m²,2 chambres,0 sdb,Étage 2,"Ain Sebaa, Casablanca",800 000
Not Specified,Not Specified,Not Specified,Not Specified,Not Specified,385 000
62 m²,2 chambres,1 sdb,Rez de chaussée,"Ain Sebaa, Casablanca",395 000
76 m²,2 chambres,2 sdbs,Étage 1,"Errahma, Casablanca",860 000
140 m²,3 chambres,1 sdb,Étage 4,"Autre secteur, Casablanca",Not Specified
56 m²,2 chambres,1 sdb,Rez de chaussée,"Sidi Othmane, Casablanca",420 000
Not Specified,Not Specified,Not Specified,Not Specified,Not Specified,850 000
Not Specified,2 chambres,1 sdb,Étage 2,"Hay Hassani, Casablanca",480 000
140 m²,3 chambres,1 sdb,Étage 4,"Autre secteur, Casablanca",Not Specified
90 m²,3 chambres,1 sdb,Étage 3,"Maarif, Casablanca",900 000
40 m²,2 chambres,Not Specified,Étage 5,"Sbata, Casablanca",340 000
Not Specified,Not Specified,Not Specified,Not Specified,Not Specified,765 000
66 m²,2 chambres,1 sdb,Étage 1,"Sidi Maarouf, Casablanca",630 000
Not Specified,2 chambres,2 sdbs,Étage 4,"Ain Sebaa, Casablanca",380 000
52 m²,2 chambres,1 sdb,Rez de chaussée,"Errahma, Casablanca",Not Specified
Not Specified,2 chambres,1 sdb,Rez de chaussée,"Ain Sebaa, Casablanca",420 000
Not Specified,Not Specified,Not Specified,Not Specified,Not Specified,250 000
98 m²,2 chambres,2 sdbs,Étage 4,"Roches Noires, Casablanca",1 250 000
60 m²,2 chambres,1 sdb,Étage 4,"Oulfa, Casablanca",720 000
Not Specified,2 chambres,1 sdb,Étage 4,"Sidi Othmane, Casablanca",35 000 000
163 m²,3 chambres,3 sdbs,Étage 3,"Californie, Casablanca",2 600 000
Not Specified,Not Specified,Not Specified,Not Specified,Not Specified,1 287 000
117 m²,2 chambres,2 sdbs,Étage 2,"Racine, Casablanca",2 500 000
62 m²,2 chambres,1 sdb,Étage 3,"Al Fida, Casablanca",Not Specified
120 m²,3 chambres,2 sdbs,Étage 2,"Hay Hassani, Casablanca",1 200 000
60 m²,2 chambres,1 sdb,Étage 1,"Sidi Maarouf, Casablanca",600 000
Not Specified,Not Specified,Not Specified,Not Specified,Not Specified,514 775
50 m²,2 chambres,1 sdb,Étage 4,"Oulfa, Casablanca",260 000
Not Specified,1 chambre,1 sdb,Étage 2,"Les Princesses, Casablanca",8 500
42 m²,1 chambre,1 sdb,Étage 1,"Maarif, Casablanca",950 000
Not Specified,Not Specified,Not Specified,Not Specified,Not Specified,1 900 000
Not Specified,1 chambre,1 sdb,Étage 1,"Casablanca, Casablanca Finance City",1 100 000
Not Specified,1 chambre,1 sdb,Rez de chaussée,"Casablanca, Californie",855 000
153 m²,3 chambres,3 sdbs,Étage 3,"Casablanca, Ferme Bretone",2 950 000
118 m²,2 chambres,2 sdbs,Étage 5,"Abdelmoumen, Casablanca",9 000
85 m²,2 chambres,2 sdbs,Rez de chaussée,"Roches Noires, Casablanca",1 250 000
114 m²,2 chambres,2 sdbs,Étage 3,"Almaz, Casablanca",1 670 000
60 m²,2 chambres,1 sdb,Étage 1,"Sidi Maarouf, Casablanca",620 000
Not Specified,Not Specified,Not Specified,Not Specified,Not Specified,Not Specified
144 m²,3 chambres,2 sdbs,Étage 3,"Aïn Borja, Casablanca",1 300 000
55 m²,2 chambres,1 sdb,Étage 1,"Oulfa, Casablanca",360 000
144 m²,3 chambres,2 sdbs,Étage 1,"La Gironde, Casablanca",1 600 000
58 m²,2 chambres,1 sdb,Étage 1,"Sidi Moumen, Casablanca",38
Not Specified,Not Specified,Not Specified,Not Specified,Not Specified,500 000
134 m²,3 chambres,2 sdbs,Étage 2,"Californie, Casablanca",Not Specified
96 m²,2 chambres,1 sdb,Étage 1,"Oulfa, Casablanca",620 000
52 m²,2 chambres,1 sdb,Rez de chaussée,"Lissasfa, Casablanca",350 000
72 m²,3 chambres,1 sdb,Étage 4,"Bachkou, Casablanca",780 000
Not Specified,Not Specified,Not Specified,Not Specified,Not Specified,750 000
114 m²,2 chambres,Not Specified,Étage 2,"Oasis, Casablanca",2 345 000
128 m²,3 chambres,2 sdbs,Étage 2,"Oasis, Casablanca",3 322 000
52 m²,2 chambres,1 sdb,Rez de chaussée,"Hay Mohammadi, Casablanca",Not Specified
74 m²,1 chambre,1 sdb,Étage 1,"Maarif, Casablanca",1 134 000
Not Specified,Not Specified,Not Specified,Not Specified,Not Specified,1 261 000
125 m²,3 chambres,2 sdbs,Rez de chaussée,"Californie, Casablanca",1 780 000
86 m²,1 chambre,1 sdb,Étage 1,"Maarif, Casablanca",1 135 000
84 m²,2 chambres,1 sdb,Étage 1,"Bourgogne, Casablanca",1 650 000
75 m²,2 chambres,1 sdb,Étage 4,"Maarif, Casablanca",1 356 184
Not Specified,Not Specified,Not Specified,Not Specified,Not Specified,880 000
181 m²,3 chambres,3 sdbs,Étage 8,"Casablanca Finance City, Casablanca",Not Specified
Not Specified,2 chambres,1 sdb,Étage 3,"Sidi Maarouf, Casablanca",740 000
Not Specified,2 chambres,Not Specified,Étage 2,"Sidi Bernoussi, Casablanca",460 000
61 m²,2 chambres,1 sdb,Étage 3,"Ain Sebaa, Casablanca",630 000
Not Specified,Not Specified,Not Specified,Not Specified,Not Specified,850 000
Not Specified,2 chambres,1 sdb,Étage 3,"Sbata, Casablanca",620 000
85 m²,2 chambres,2 sdbs,Rez de chaussée,"Californie, Casablanca",1 200 000
73 m²,2 chambres,2 sdbs,Étage 1,"Sidi Moumen, Casablanca",743 000
82 m²,2 chambres,1 sdb,Rez de chaussée,"Sidi Bernoussi, Casablanca",55 000
Not Specified,Not Specified,Not Specified,Not Specified,Not Specified,1 050 000
58 m²,2 chambres,1 sdb,Étage 4,"Hay Mohammadi, Casablanca",360 000
Not Specified,3 chambres,2 sdbs,Étage 1,"Oulfa, Casablanca",1 240 000
150 m²,3 chambres,2 sdbs,Étage 1,"Les Princesses, Casablanca",1 880 000
Not Specified,3 chambres,1 sdb,Étage 4,"2 Mars, Casablanca",140
Not Specified,Not Specified,Not Specified,Not Specified,Not Specified,Not Specified
95 m²,2 chambres,1 sdb,Étage 2,"Autre secteur, Casablanca",720 000
Not Specified,2 chambres,2 sdbs,Étage 3,"Franceville, Casablanca",Not Specified
108 m²,2 chambres,2 sdbs,Étage 4,"Autre secteur, Casablanca",1 380 000
Not Specified,Not Specified,Not Specified,Not Specified,Not Specified,1 834 700
48 m²,1 chambre,1 sdb,Étage 3,"Casablanca, Abdelmoumen",1 140 000
61 m²,1 chambre,0 sdb,Étage 2,"Casablanca, Oasis",1 290 000
Not Specified,3 chambres,2 sdbs,Étage 1,"Casablanca, Maarif",1 760 000
152 m²,3 chambres,2 sdbs,Étage 2,"Gauthier, Casablanca",3 000 000
200 m²,4 chambres,2 sdbs,Rez de chaussée,"Abdelmoumen, Casablanca",2 900 000
80 m²,2 chambres,2 sdbs,Étage 1,"Bourgogne, Casablanca",1 150 000
Not Specified,1 chambre,1 sdb,Étage 1,"Bourgogne, Casablanca",1 360 000
Not Specified,Not Specified,Not Specified,Not Specified,Not Specified,1 550 000
125 m²,2 chambres,2 sdbs,Étage 2,"Sidi Othmane, Casablanca",800 000
Not Specified,3 chambres,Not Specified,Étage 2,"Aïn Diab, Casablanca",3 800 000
Not Specified,Not Specified,Not Specified,Not Specified,"Bourgogne, Casablanca",2 950 000
90 m²,2 chambres,1 sdb,Étage 3,"Anfa, Casablanca",126
Not Specified,Not Specified,Not Specified,Not Specified,Not Specified,230 000
56 m²,2 chambres,1 sdb,Étage 1,"Oulfa, Casablanca",340 000
83 m²,3 chambres,1 sdb,Étage 2,"Hay Mohammadi, Casablanca",580 000
60 m²,2 chambres,1 sdb,Étage 4,"Hay Moulay Rachid 4, Casablanca",360 000
133 m²,2 chambres,2 sdbs,Étage 5,"Belvédère, Casablanca",100 000
Not Specified,Not Specified,Not Specified,Not Specified,Not Specified,390 000
61 m²,2 chambres,1 sdb,Étage 1,"Oulfa, Casablanca",52
Not Specified,3 chambres,3 sdbs,Étage 2,"Californie, Casablanca",2 550 000
Not Specified,2 chambres,2 sdbs,Étage 3,"Les Princesses, Casablanca",2 100 000
Not Specified,2 chambres,1 sdb,Étage 2,"Les Princesses, Casablanca",1 420 000
Not Specified,Not Specified,Not Specified,Not Specified,Not Specified,750 000
Not Specified,2 chambres,1 sdb,Étage 1,"Les Princesses, Casablanca",1 550 000
Not Specified,1 chambre,1 sdb,Étage 1,"Palmier, Casablanca",1 200 000
Not Specified,1 chambre,1 sdb,Étage 1,"Palmier, Casablanca",1 120 000
Not Specified,1 chambre,1 sdb,Étage 1,"Palmier, Casablanca",1 150 000
Not Specified,Not Specified,Not Specified,Not Specified,Not Specified,1 768 880
107 m²,3 chambres,Not Specified,Étage 4,"Bourgogne, Casablanca",1 980 000
Not Specified,2 chambres,Not Specified,Étage 3,"Ben M'sick, Casablanca",170 000
160 m²,3 chambres,2 sdbs,Étage 4,"Californie, Casablanca",2 720 000
110 m²,3 chambres,2 sdbs,Étage 2,"2 Mars, Casablanca",1 500 000
Not Specified,Not Specified,Not Specified,Not Specified,Not Specified,910 000
64 m²,2 chambres,1 sdb,Étage 3,"Oulfa, Casablanca",350 000
Not Specified,Not Specified,Not Specified,Not Specified,"Hay Hassani, Casablanca",Not Specified
69 m²,2 chambres,1 sdb,Étage 3,"Hay Albaraka, Casablanca",520 000
72 m²,2 chambres,1 sdb,Not Specified,"Ain Sebaa, Casablanca",900 000
Not Specified,Not Specified,Not Specified,Not Specified,Not Specified,562 500
61 m²,3 chambres,1 sdb,Étage 3,"Sbata, Casablanca",2 800
220 m²,4 chambres,2 sdbs,Étage 1,"Ain Sebaa, Casablanca",2 400 000
106 m²,3 chambres,1 sdb,Étage 1,"Sidi Maarouf, Casablanca",1 700 000
Not Specified,2 chambres,1 sdb,Étage 3,"Sbata, Casablanca",1
Not Specified,Not Specified,Not Specified,Not Specified,Not Specified,1 125 000
68 m²,2 chambres,1 sdb,Étage 1,"Ain Sebaa, Casablanca",720 000
110 m²,2 chambres,2 sdbs,Étage 2,"La Gironde, Casablanca",1 090 000
92 m²,2 chambres,1 sdb,Étage 3,"Maarif, Casablanca",1 200 000
Not Specified,Not Specified,Not Specified,Not Specified,Not Specified,1 387 500
50 m²,2 chambres,1 sdb,Rez de chaussée,"Casablanca, Oulfa",490 000
220 m²,4 chambres,3 sdbs,Étage 4,"Casablanca, Bourgogne",Not Specified
Not Specified,1 chambre,1 sdb,Rez de chaussée,"Casablanca, Californie",855 000
106 m²,3 chambres,2 sdbs,Étage 1,"Oulfa, Casablanca",Not Specified
94 m²,2 chambres,2 sdbs,Étage 3,"Autre secteur, Casablanca",Not Specified
Not Specified,2 chambres,1 sdb,Étage 6,"Al Fida, Casablanca",Not Specified
84 m²,3 chambres,2 sdbs,Étage 3,"Sidi Maarouf, Casablanca",1 040 000
Not Specified,Not Specified,Not Specified,Not Specified,Not Specified,385 000
93 m²,3 chambres,2 sdbs,Étage 2,"Bourgogne, Casablanca",1 800 000
56 m²,1 chambre,1 sdb,Étage 5,"Oasis, Casablanca",1 060 000
138 m²,4 chambres,2 sdbs,Étage 4,"Maarif, Casablanca",11 900
51 m²,2 chambres,1 sdb,Étage 4,"Sidi Moumen, Casablanca",Not Specified
Not Specified,Not Specified,Not Specified,Not Specified,Not Specified,696 000
100 m²,4 chambres,1 sdb,Étage 1,"Sidi Bernoussi, Casablanca",Not Specified
59 m²,2 chambres,2 sdbs,Étage 5,"Hay Hassani, Casablanca",276 000
Not Specified,Not Specified,Not Specified,Not Specified,"Route d'Azemmour, Casablanca",300 000
98 m²,2 chambres,2 sdbs,Étage 1,"Bourgogne, Casablanca",1 200 000
Not Specified,Not Specified,Not Specified,Not Specified,Not Specified,1 230 000
50 m²,2 chambres,1 sdb,Étage 1,"Hay Moulay Rachid 5, Casablanca",1
210 m²,3 chambres,2 sdbs,Étage 2,"Racine, Casablanca",3 800 000
93 m²,3 chambres,1 sdb,Étage 3,"Aïn Chock, Casablanca",790 000
Not Specified,2 chambres,2 sdbs,Étage 1,"Autre secteur, Casablanca",9 000
Not Specified,Not Specified,Not Specified,Not Specified,Not Specified,1 152 000
92 m²,3 chambres,2 sdbs,Étage 1,"Oulfa, Casablanca",118
112 m²,2 chambres,2 sdbs,Étage 3,"Beauséjour, Casablanca",1 650 000
56 m²,2 chambres,1 sdb,Rez de chaussée,"Ain Sebaa, Casablanca",400 000
90 m²,2 chambres,1 sdb,Étage 1,"Maarif, Casablanca",1 250 000
Not Specified,Not Specified,Not Specified,Not Specified,Not Specified,737 025
Not Specified,2 chambres,Not Specified,Étage 4,"Sidi Moumen, Casablanca",Not Specified
78 m²,2 chambres,1 sdb,Étage 4,"Sidi Moumen, Casablanca",450 000
137 m²,3 chambres,2 sdbs,Étage 2,"Aïn Borja, Casablanca",1 320 000
71 m²,1 chambre,1 sdb,Étage 3,"Hermitage, Casablanca",Not Specified
Not Specified,Not Specified,Not Specified,Not Specified,Not Specified,580 000
Not Specified,3 chambres,2 sdbs,Étage 1,"Belvédère, Casablanca",Not Specified
83 m²,3 chambres,1 sdb,Étage 1,"Sidi Belyout, Casablanca",1 079 000
Not Specified,2 chambres,1 sdb,Étage 4,"Salmia, Casablanca",85 000
127 m²,3 chambres,2 sdbs,Étage 3,"Derb Ghallef, Casablanca",1 400 000
Not Specified,Not Specified,Not Specified,Not Specified,Not Specified,1 600 000
80 m²,2 chambres,2 sdbs,Étage 4,"Belvédère, Casablanca",800 000
45 m²,2 chambres,Not Specified,Étage 4,"Centre Ville, Casablanca",470 000
Not Specified,3 chambres,2 sdbs,Étage 2,"Belvédère, Casablanca",1 530 000
100 m²,2 chambres,0 sdb,Étage 4,"Autre secteur, Casablanca",280 000
Not Specified,Not Specified,Not Specified,Not Specified,Not Specified,1 550 000
Not Specified,3 chambres,2 sdbs,Étage 2,"Californie, Casablanca",205
137 m²,3 chambres,1 sdb,Étage 5,"Alsace Lorraine, Casablanca",1 800 000
70 m²,1 chambre,1 sdb,Étage 3,"2 Mars, Casablanca",Not Specified
Not Specified,Not Specified,Not Specified,Not Specified,Not Specified,Not Specified
65 m²,2 chambres,2 sdbs,Étage 1,"Casablanca, Sidi Moumen",570 000
188 m²,3 chambres,3 sdbs,Étage 2,"Casablanca, 2 Mars",1 950 000
141 m²,3 chambres,2 sdbs,Étage 2,"Casablanca, Abdelmoumen",Not Specified
84 m²,2 chambres,1 sdb,Étage 3,"Autre secteur, Casablanca",1 077 000
72 m²,2 chambres,2 sdbs,Étage 1,"Sidi Moumen, Casablanca",690 000
64 m²,2 chambres,1 sdb,Not Specified,"Oulfa, Casablanca",600 000
65 m²,2 chambres,2 sdbs,Étage 2,"Sidi Moumen, Casablanca",570 000
Not Specified,Not Specified,Not Specified,Not Specified,Not Specified,360 000
44 m²,1 chambre,1 sdb,Étage 4,"Maârif Extension, Casablanca",1 000 000
125 m²,2 chambres,2 sdbs,Étage 2,"Oulfa, Casablanca",1 200 000
110 m²,2 chambres,1 sdb,Not Specified,"Aïn Chock, Casablanca",1 250 000
105 m²,3 chambres,2 sdbs,Étage 3,"Lissasfa, Casablanca",1 150 000
Not Specified,Not Specified,Not Specified,Not Specified,Not Specified,750 000
81 m²,3 chambres,2 sdbs,Rez de chaussée,"Oulfa, Casablanca",820 000
50 m²,1 chambre,1 sdb,Étage 3,"Maarif, Casablanca",1 050 000
134 m²,3 chambres,2 sdbs,Étage 4,"Autre secteur, Casablanca",2 200 000
74 m²,3 chambres,2 sdbs,Étage 5,"Autre secteur, Casablanca",530 000
Not Specified,Not Specified,Not Specified,Not Specified,Not Specified,750 000
48 m²,2 chambres,1 sdb,Étage 1,"Autre secteur, Casablanca",360 000
58 m²,2 chambres,1 sdb,Étage 2,"Autre secteur, Casablanca",1 050 000
71 m²,2 chambres,1 sdb,Étage 2,"Sidi Bernoussi, Casablanca",589 999
214 m²,3 chambres,2 sdbs,Étage 3,"Belvédère, Casablanca",1 790 000
Not Specified,Not Specified,Not Specified,Not Specified,Not Specified,988 000
84 m²,2 chambres,2 sdbs,Étage 5,"Oulfa, Casablanca",924 000
Not Specified,Not Specified,Not Specified,Not Specified,"Oulfa, Casablanca",Not Specified
53 m²,2 chambres,1 sdb,Étage 3,"Errahma, Casablanca",300 000
Not Specified,2 chambres,2 sdbs,Étage 1,"Anfa, Casablanca",1 300 000
Not Specified,Not Specified,Not Specified,Not Specified,Not Specified,529 400
Not Specified,Not Specified,Not Specified,Not Specified,"2 Mars, Casablanca",75 000
115 m²,3 chambres,2 sdbs,Étage 2,"Oulfa, Casablanca",1 250 000
55 m²,2 chambres,1 sdb,Étage 3,"Sidi Maarouf, Casablanca",570 000
83 m²,2 chambres,2 sdbs,Étage 1,"Bourgogne, Casablanca",1 079 000
Not Specified,Not Specified,Not Specified,Not Specified,Not Specified,230 000
46 m²,1 chambre,1 sdb,Étage 5,"Belvédère, Casablanca",840 000
97 m²,2 chambres,1 sdb,Étage 3,"Sidi Bernoussi, Casablanca",650 000
104 m²,2 chambres,2 sdbs,Étage 2,"Palmier, Casablanca",2 200 000
127 m²,2 chambres,2 sdbs,Étage 3,"Hay Mohammadi, Casablanca",1 150 000
Not Specified,Not Specified,Not Specified,Not Specified,Not Specified,840 000
70 m²,2 chambres,1 sdb,Rez de chaussée,"Ain Sebaa, Casablanca",800 000
227 m²,4 chambres,3 sdbs,Étage 2,"Palmier, Casablanca",3 100 000
Not Specified,2 chambres,2 sdbs,Étage 2,"Aïn Chock, Casablanca",600 000
58 m²,3 chambres,2 sdbs,Étage 4,"Oulfa, Casablanca",Not Specified
Not Specified,Not Specified,Not Specified,Not Specified,Not Specified,230 000
112 m²,2 chambres,2 sdbs,Étage 3,"Autre secteur, Casablanca",Not Specified
96 m²,3 chambres,1 sdb,Étage 1,"Sidi Bernoussi, Casablanca",900 000
139 m²,3 chambres,2 sdbs,Étage 4,"Les Princesses, Casablanca",24 500 000
Not Specified,Not Specified,Not Specified,Not Specified,Not Specified,3 545 000
65 m²,1 chambre,1 sdb,Étage 5,"Casablanca, Casablanca Finance City",800 000
Not Specified,2 chambres,2 sdbs,Étage 3,"Casablanca, Al Qods",840 000
129 m²,2 chambres,3 sdbs,Étage 1,"Casablanca, Aïn Diab",1 820 000
100 m²,4 chambres,1 sdb,Étage 2,"Aïn Chock, Casablanca",Not Specified
55 m²,2 chambres,1 sdb,Étage 4,"Oulfa, Casablanca",500 000
60 m²,2 chambres,1 sdb,Étage 2,"Oulfa, Casablanca",650 000
121 m²,3 chambres,1 sdb,Étage 2,"Salmia, Casablanca",Not Specified
Not Specified,Not Specified,Not Specified,Not Specified,Not Specified,465 000
99 m²,3 chambres,2 sdbs,Étage 3,"Hay Inara, Casablanca",Not Specified
106 m²,2 chambres,2 sdbs,Étage 2,"Les Princesses, Casablanca",1 224 000
109 m²,3 chambres,1 sdb,Étage 1,"Sidi Bernoussi, Casablanca",980 000
107 m²,3 chambres,2 sdbs,Rez de chaussée,"Aïn Diab, Casablanca",2 500 000
Not Specified,Not Specified,Not Specified,Not Specified,Not Specified,830 000
Not Specified,3 chambres,Not Specified,Étage 1,"Bachkou, Casablanca",Not Specified
94 m²,2 chambres,2 sdbs,Étage 3,"Val Fleuri, Casablanca",13 500 000
95 m²,3 chambres,2 sdbs,Étage 4,"Maârif Extension, Casablanca",1 520 000
126 m²,3 chambres,2 sdbs,Étage 4,"Maarif, Casablanca",1 575 000
Not Specified,Not Specified,Not Specified,Not Specified,Not Specified,440 000
91 m²,1 chambre,1 sdb,Étage 5,"Belvédère, Casablanca",1 000 000
Not Specified,3 chambres,Not Specified,Étage 2,"Hay Almassira 2, Casablanca",5 700 000
Not Specified,2 chambres,1 sdb,Étage 2,"Oulfa, Casablanca",350 000
83 m²,2 chambres,Not Specified,Étage 5,"Maarif, Casablanca",1 000 000
Not Specified,Not Specified,Not Specified,Not Specified,Not Specified,1 320 000
Not Specified,2 chambres,1 sdb,Rez de chaussée,"Sidi Maarouf, Casablanca",62
44 m²,2 chambres,0 sdb,Étage 2,"Mers Sultan, Casablanca",200 000
Not Specified,1 chambre,1 sdb,Étage 2,"La Gare, Casablanca",858 000
165 m²,2 chambres,2 sdbs,Étage 1,"Abdelmoumen, Casablanca",2 400 000
Not Specified,Not Specified,Not Specified,Not Specified,Not Specified,708 400
70 m²,1 chambre,1 sdb,Étage 2,"Parc, Casablanca",1 420 000
60 m²,2 chambres,1 sdb,Étage 4,"Hay Mohammadi, Casablanca",480 000
54 m²,2 chambres,1 sdb,Étage 3,"Ain Sebaa, Casablanca",460 000
44 m²,Not Specified,1 sdb,Étage 2,"Mers Sultan, Casablanca",200 000
Not Specified,Not Specified,Not Specified,Not Specified,Not Specified,1 135 000
122 m²,3 chambres,2 sdbs,Étage 2,"Maarif, Casablanca",1 850 000
64 m²,2 chambres,1 sdb,Étage 3,"Oulfa, Casablanca",350 000
48 m²,1 chambre,0 sdb,Rez de chaussée,"Route d'El Jadida, Casablanca",900 000
56 m²,2 chambres,1 sdb,Étage 2,"Hay Alfalah, Casablanca",360 000
Not Specified,Not Specified,Not Specified,Not Specified,Not Specified,646 000
Not Specified,3 chambres,2 sdbs,Étage 5,"Les Princesses, Casablanca",2 900 000
63 m²,2 chambres,1 sdb,Rez de chaussée,"Sidi Moumen, Casablanca",490 000
103 m²,2 chambres,2 sdbs,Étage 1,"Bourgogne, Casablanca",140 000 000
Not Specified,3 chambres,1 sdb,Étage 4,"Sidi Maarouf, Casablanca",40 000 000
Not Specified,Not Specified,Not Specified,Not Specified,Not Specified,1 375 000
105 m²,2 chambres,2 sdbs,Étage 4,"Al Madina Aljadida, Casablanca",570 000
52 m²,2 chambres,0 sdb,Rez de chaussée,"Sidi Moumen, Casablanca",370 000
142 m²,3 chambres,2 sdbs,Étage 3,"Maarif, Casablanca",9 000
Not Specified,Not Specified,Not Specified,Not Specified,Not Specified,1 300 000
61 m²,1 chambre,0 sdb,Étage 2,"Casablanca, Oasis",1 290 000
74 m²,2 chambres,0 sdb,Étage 3,"Casablanca, Hay Moulay Rachid",440 000
144 m²,2 chambres,2 sdbs,Rez de chaussée,"Casablanca, Californie",1 550 000
109 m²,4 chambres,2 sdbs,Étage 3,"Maarif, Casablanca",1 380 000
112 m²,3 chambres,2 sdbs,Étage 3,"Autre secteur, Casablanca",1 160 000
51 m²,2 chambres,1 sdb,Étage 4,"Autre secteur, Casablanca",360 000
Not Specified,2 chambres,1 sdb,Étage 1,"Sidi Maarouf, Casablanca",Not Specified
Not Specified,Not Specified,Not Specified,Not Specified,Not Specified,Not Specified
74 m²,2 chambres,2 sdbs,Étage 3,"Maârif Extension, Casablanca",880 000
Not Specified,Not Specified,Not Specified,Not Specified,Casablanca,360 000
120 m²,2 chambres,1 sdb,Rez de chaussée,"Aïn Chock, Casablanca",650 000
70 m²,3 chambres,2 sdbs,Étage 1,"Errahma, Casablanca",700 000
Not Specified,Not Specified,Not Specified,Not Specified,Not Specified,646 000
90 m²,2 chambres,2 sdbs,Étage 2,"Route d'El Jadida, Casablanca",1 800 000
79 m²,2 chambres,1 sdb,Étage 2,"Roches Noires, Casablanca",730 000
Not Specified,2 chambres,1 sdb,Étage 1,"Errahma, Casablanca",Not Specified
60 m²,2 chambres,1 sdb,Étage 2,"Bournazil, Casablanca",550 000
Not Specified,Not Specified,Not Specified,Not Specified,Not Specified,570 000
60 m²,2 chambres,1 sdb,Étage 2,"Bournazil, Casablanca",550 000
58 m²,2 chambres,1 sdb,Étage 3,"Oulfa, Casablanca",370 000
52 m²,1 chambre,1 sdb,Étage 1,"Oulfa, Casablanca",750 000
318 m²,4 chambres,3 sdbs,Étage 2,"Racine, Casablanca",4 000 000
Not Specified,Not Specified,Not Specified,Not Specified,Not Specified,1 081 375
90 m²,2 chambres,2 sdbs,Étage 4,"Roches Noires, Casablanca",900 000
Not Specified,1 chambre,1 sdb,Étage 1,"Bourgogne, Casablanca",1 100 000
Not Specified,2 chambres,1 sdb,Étage 3,"Oulfa, Casablanca",340 000
64 m²,2 chambres,1 sdb,Étage 3,"Oulfa, Casablanca",350 000
Not Specified,Not Specified,Not Specified,Not Specified,Not Specified,700 000
80 m²,3 chambres,2 sdbs,Étage 2,"Errahma, Casablanca",600 000
81 m²,2 chambres,1 sdb,Étage 2,"Sidi Othmane, Casablanca",440 000
Not Specified,2 chambres,1 sdb,Étage 4,"Hay Mohammadi, Casablanca",560 000
Not Specified,2 chambres,1 sdb,Étage 2,"Ain Sebaa, Casablanca",450 000
Not Specified,Not Specified,Not Specified,Not Specified,Not Specified,1 250 000
122 m²,3 chambres,2 sdbs,Étage 2,"Belvédère, Casablanca",Not Specified
50 m²,3 chambres,1 sdb,Étage 4,"Oulfa, Casablanca",100 000
172 m²,3 chambres,2 sdbs,Étage 2,"Ben Ejdia, Casablanca",1 500 000
88 m²,2 chambres,1 sdb,Étage 1,"Ain Sebaa, Casablanca",72
Not Specified,Not Specified,Not Specified,Not Specified,Not Specified,739 000
57 m²,1 chambre,1 sdb,Étage 3,"Sidi Bernoussi, Casablanca",420 000
97 m²,3 chambres,2 sdbs,Étage 1,"Sidi Bernoussi, Casablanca",920 000
60 m²,1 chambre,1 sdb,Étage 1,"Gauthier, Casablanca",1 500 000
92 m²,3 chambres,0 sdb,Rez de chaussée,"Hay Mohammadi, Casablanca",700 000
Not Specified,Not Specified,Not Specified,Not Specified,Not Specified,11 000
118 m²,3 chambres,2 sdbs,Étage 2,"Belvédère, Casablanca",800 000
Not Specified,2 chambres,2 sdbs,Étage 3,"Aïn Chock, Casablanca",550 000
50 m²,2 chambres,1 sdb,Rez de chaussée,"Oulfa, Casablanca",Not Specified
Not Specified,Not Specified,Not Specified,Not Specified,Not Specified,506 000
242 m²,3 chambres,3 sdbs,Étage 1,"Casablanca, Oasis",3 700 000
99 m²,3 chambres,2 sdbs,Étage 4,"Casablanca, Oulfa",1 000 000
61 m²,1 chambre,0 sdb,Étage 2,"Casablanca, Oasis",1 290 000
120 m²,2 chambres,2 sdbs,Étage 1,"Beauséjour, Casablanca",1 300 000
55 m²,2 chambres,1 sdb,Étage 2,"Hay Hassani, Casablanca",470 000
55 m²,2 chambres,1 sdb,Étage 1,"Oulfa, Casablanca",420 000
299 m²,5 chambres,3 sdbs,Étage 4,"Centre Ville, Casablanca",4 650 000
Not Specified,Not Specified,Not Specified,Not Specified,Not Specified,765 000
Not Specified,3 chambres,3 sdbs,Étage 14,"Casablanca Finance City, Casablanca",4 400 000
128 m²,3 chambres,2 sdbs,Étage 4,"Maârif Extension, Casablanca",2 150 000
200 m²,2 chambres,2 sdbs,Étage 3,"Oulfa, Casablanca",750 000
51 m²,2 chambres,1 sdb,Étage 1,"Oulfa, Casablanca",420 000
Not Specified,Not Specified,Not Specified,Not Specified,Not Specified,1 150 000
170 m²,3 chambres,2 sdbs,Étage 3,"2 Mars, Casablanca",2 100 000
168 m²,3 chambres,2 sdbs,Étage 1,"Racine, Casablanca",3 000 001
184 m²,3 chambres,2 sdbs,Étage 4,"Palmier, Casablanca",2 900 000
60 m²,2 chambres,1 sdb,Étage 3,"Oulfa, Casablanca",580 000
Not Specified,Not Specified,Not Specified,Not Specified,Not Specified,514 775
54 m²,2 chambres,1 sdb,Étage 3,"Autre secteur, Casablanca",200 000
68 m²,2 chambres,1 sdb,Rez de chaussée,"Maarif, Casablanca",940 000
5 m²,2 chambres,2 sdbs,Étage 3,"Autre secteur, Casablanca",5
50 m²,2 chambres,1 sdb,Étage 3,"Oulfa, Casablanca",Not Specified
Not Specified,Not Specified,Not Specified,Not Specified,Not Specified,564 800
Not Specified,Not Specified,Not Specified,Not Specified,Casablanca,58
65 m²,2 chambres,1 sdb,Étage 3,Casablanca,530 000
Not Specified,2 chambres,2 sdbs,Étage 2,"Californie, Casablanca",1 160 000
75 m²,2 chambres,2 sdbs,Étage 6,"Bourgogne, Casablanca",1 020 000
Not Specified,Not Specified,Not Specified,Not Specified,Not Specified,Not Specified
Not Specified,4 chambres,3 sdbs,Étage 3,"Almaz, Casablanca",1 700 000
215 m²,5 chambres,2 sdbs,Étage 2,"Centre Ville, Casablanca",1 500 000
52 m²,1 chambre,1 sdb,Étage 4,"Bachkou, Casablanca",550 000
209 m²,3 chambres,2 sdbs,Étage 1,"Tantonville, Casablanca",2 650 000
Not Specified,Not Specified,Not Specified,Not Specified,Not Specified,2 250 000
70 m²,2 chambres,1 sdb,Étage 3,"Sidi Maarouf, Casablanca",560 000
70 m²,2 chambres,1 sdb,Étage 3,"Sidi Maarouf, Casablanca",Not Specified
171 m²,3 chambres,2 sdbs,Étage 1,"Beauséjour, Casablanca",1 700 000
121 m²,3 chambres,2 sdbs,Étage 5,"Mers Sultan, Casablanca",1 550 000
Not Specified,Not Specified,Not Specified,Not Specified,Not Specified,1 300 000
160 m²,3 chambres,2 sdbs,Étage 4,"Californie, Casablanca",2 720 000
54 m²,2 chambres,1 sdb,Étage 4,"Ain Sebaa, Casablanca",340 000
94 m²,2 chambres,3 sdbs,Étage 1,"Ain Sebaa, Casablanca",Not Specified
53 m²,2 chambres,1 sdb,Étage 1,"Errahma, Casablanca",Not Specified
Not Specified,Not Specified,Not Specified,Not Specified,Not Specified,950 000
Not Specified,3 chambres,1 sdb,Étage 2,"Sidi Moumen, Casablanca",700 000
90 m²,3 chambres,2 sdbs,Étage 5,"Hay Hassani, Casablanca",1 000 000
96 m²,2 chambres,2 sdbs,Étage 2,"Maarif, Casablanca",1 400 000
Not Specified,Not Specified,Not Specified,Not Specified,Not Specified,695 000
Not Specified,1 chambre,1 sdb,Étage 1,"Casablanca, Hermitage",850 000
55 m²,2 chambres,1 sdb,Étage 6,"Casablanca, Errahma",380 000
188 m²,3 chambres,3 sdbs,Étage 2,"Casablanca, 2 Mars",1 950 000
85 m²,2 chambres,1 sdb,Étage 3,"Val Fleuri, Casablanca",1 600 000
46 m²,1 chambre,1 sdb,Rez de chaussée,"Palmier, Casablanca",1 350 000
91 m²,3 chambres,2 sdbs,Étage 3,"Bachkou, Casablanca",1 350 000
191 m²,2 chambres,2 sdbs,Étage 1,"Oulfa, Casablanca",1 850 000
Not Specified,Not Specified,Not Specified,Not Specified,Not Specified,840 000
150 m²,2 chambres,2 sdbs,Étage 5,"2 Mars, Casablanca",1
129 m²,3 chambres,2 sdbs,Étage 5,"Val Fleuri, Casablanca",2 100 000
180 m²,3 chambres,2 sdbs,Étage 3,"Californie, Casablanca",2 590 000
223 m²,4 chambres,2 sdbs,Étage 4,"Palmier, Casablanca",3 700 000
Not Specified,Not Specified,Not Specified,Not Specified,Not Specified,1 260 000
161 m²,3 chambres,2 sdbs,Étage 2,"Maarif, Casablanca",2 560 000
174 m²,3 chambres,3 sdbs,Étage 1,"Hay Hassani, Casablanca",2 250 000
122 m²,3 chambres,2 sdbs,Étage 2,"Autre secteur, Casablanca",1 490 000
110 m²,2 chambres,2 sdbs,Rez de chaussée,"Oulfa, Casablanca",900 000
Not Specified,Not Specified,Not Specified,Not Specified,Not Specified,1 000 000
172 m²,3 chambres,1 sdb,Étage 5,"Autre secteur, Casablanca",2 250 000
177 m²,3 chambres,2 sdbs,Étage 3,"Autre secteur, Casablanca",1 800 000
120 m²,3 chambres,3 sdbs,Étage 2,"Val Fleuri, Casablanca",1 800 000
366 m²,4 chambres,3 sdbs,Étage 3,"Casablanca Finance City, Casablanca",5 990 000
Not Specified,Not Specified,Not Specified,Not Specified,Not Specified,250 000
76 m²,2 chambres,1 sdb,Étage 3,"Sidi Maarouf, Casablanca",600 000
125 m²,3 chambres,2 sdbs,Étage 1,"Bourgogne, Casablanca",1 380 000
Not Specified,1 chambre,Not Specified,Étage 4,"Maarif, Casablanca",2 500 000
99 m²,2 chambres,2 sdbs,Étage 4,"Triangle d'Or, Casablanca",3 100 000
Not Specified,Not Specified,Not Specified,Not Specified,Not Specified,1 220 000
128 m²,3 chambres,2 sdbs,Étage 3,"Maârif Extension, Casablanca",1 600 000
193 m²,2 chambres,2 sdbs,Étage 2,"Casablanca Finance City, Casablanca",2 790 000
121 m²,3 chambres,2 sdbs,Étage 7,"Bourgogne, Casablanca",1 400 000
32 m²,1 chambre,1 sdb,Étage 1,"Sidi Othmane, Casablanca",210 000
Not Specified,Not Specified,Not Specified,Not Specified,Not Specified,540 000
98 m²,3 chambres,1 sdb,Étage 4,"Oulfa, Casablanca",900 000
77 m²,2 chambres,2 sdbs,Rez de chaussée,"Sidi Maarouf, Casablanca",871 747
99 m²,2 chambres,2 sdbs,Étage 1,"Aïn Diab, Casablanca",2 564 000
107 m²,3 chambres,2 sdbs,Étage 4,"Aïn Chock, Casablanca",1 815 000
Not Specified,Not Specified,Not Specified,Not Specified,Not Specified,895 000
154 m²,2 chambres,2 sdbs,Étage 1,"Oasis, Casablanca",2 010 333
268 m²,4 chambres,2 sdbs,Étage 1,"Aïn Diab, Casablanca",5 990 000
70 m²,2 chambres,1 sdb,Rez de chaussée,"Aïn Chock, Casablanca",1 171 445
59 m²,1 chambre,1 sdb,Étage 2,"Triangle d'Or, Casablanca",2 710 000
Not Specified,Not Specified,Not Specified,Not Specified,Not Specified,564 800
84 m²,2 chambres,2 sdbs,Étage 1,"Bachkou, Casablanca",1 488 000
93 m²,3 chambres,1 sdb,Étage 4,"Ferme Bretone, Casablanca",2 196 000
41 m²,1 chambre,1 sdb,Rez de chaussée,"Aïn Chock, Casablanca",808 500
Not Specified,Not Specified,Not Specified,Not Specified,Not Specified,1 196 000
55 m²,2 chambres,1 sdb,Étage 6,"Casablanca, Errahma",380 000
55 m²,1 chambre,2 sdbs,Étage 1,"Casablanca, Abdelmoumen",Not Specified
242 m²,3 chambres,3 sdbs,Étage 1,"Casablanca, Oasis",3 700 000
31 m²,1 chambre,1 sdb,Étage 7,"Triangle d'Or, Casablanca",1 780 000
154 m²,3 chambres,2 sdbs,Étage 1,"Aïn Diab, Casablanca",3 047 500
151 m²,2 chambres,2 sdbs,Rez de chaussée,"Aïn Diab, Casablanca",2 714 000
416 m²,3 chambres,3 sdbs,Étage 2,"Casablanca Finance City, Casablanca",5 990 000
Not Specified,Not Specified,Not Specified,Not Specified,Not Specified,1 300 000
145 m²,3 chambres,2 sdbs,Étage 2,"Beauséjour, Casablanca",2 250 000
41 m²,1 chambre,1 sdb,Rez de chaussée,"Aïn Chock, Casablanca",808 500
Not Specified,2 chambres,1 sdb,Étage 4,"Oulfa, Casablanca",270 000
113 m²,2 chambres,2 sdbs,Rez de chaussée,"Casablanca Finance City, Casablanca",2 790 000
Not Specified,Not Specified,Not Specified,Not Specified,Not Specified,1 125 000
Not Specified,2 chambres,0 sdb,Étage 1,"Ain Sebaa, Casablanca",390 000
Not Specified,2 chambres,1 sdb,Étage 4,"Oulfa, Casablanca",Not Specified
144 m²,3 chambres,2 sdbs,Étage 2,"Aïn Diab, Casablanca",3 105 500
130 m²,3 chambres,2 sdbs,Étage 5,"2 Mars, Casablanca",1 800 000
Not Specified,Not Specified,Not Specified,Not Specified,Not Specified,2 250 000
94 m²,3 chambres,1 sdb,Rez de chaussée,"Aïn Chock, Casablanca",1 517 863
246 m²,3 chambres,2 sdbs,Rez de chaussée,"Aïn Diab, Casablanca",4 545 000
79 m²,3 chambres,2 sdbs,Étage 4,"Sidi Maarouf, Casablanca",860 948
59 m²,2 chambres,1 sdb,Étage 2,"Sidi Othmane, Casablanca",550 000
Not Specified,Not Specified,Not Specified,Not Specified,Not Specified,250 000
76 m²,2 chambres,1 sdb,Étage 2,"Ferme Bretone, Casablanca",1 792 000
134 m²,3 chambres,3 sdbs,Étage 2,"Maarif, Casablanca",2 211 000
54 m²,2 chambres,Not Specified,Étage 4,"Lissasfa, Casablanca",380 000
192 m²,2 chambres,2 sdbs,Étage 1,"Beauséjour, Casablanca",1 800 000
Not Specified,Not Specified,Not Specified,Not Specified,Not Specified,890 000
238 m²,4 chambres,2 sdbs,Étage 2,"Palmier, Casablanca",3 800 000
76 m²,2 chambres,1 sdb,Rez de chaussée,"Roches Noires, Casablanca",630 000
123 m²,3 chambres,2 sdbs,Étage 4,"Maârif Extension, Casablanca",1 500 000
80 m²,2 chambres,1 sdb,Étage 4,"Maarif, Casablanca",920 000
Not Specified,Not Specified,Not Specified,Not Specified,Not Specified,4 900 000
57 m²,2 chambres,1 sdb,Rez de chaussée,"Oulfa, Casablanca",350 000
54 m²,2 chambres,1 sdb,Étage 4,"Sidi Maarouf, Casablanca",Not Specified
220 m²,2 chambres,1 sdb,Étage 1,"Ain Sebaa, Casablanca",Not Specified
96 m²,3 chambres,2 sdbs,Étage 2,"Autre secteur, Casablanca",600 000
Not Specified,Not Specified,Not Specified,Not Specified,Not Specified,1 165 000
Not Specified,2 chambres,1 sdb,Étage 4,"Errahma, Casablanca",260 000
Not Specified,2 chambres,1 sdb,Étage 1,"Oulfa, Casablanca",550 000
Not Specified,2 chambres,1 sdb,Étage 2,"Oulfa, Casablanca",360 000
51 m²,1 chambre,1 sdb,Rez de chaussée,"Sidi Bernoussi, Casablanca",385 000
Not Specified,Not Specified,Not Specified,Not Specified,Not Specified,580 000
114 m²,2 chambres,2 sdbs,Étage 2,"Ferme Bretone, Casablanca",2 050 000
Not Specified,2 chambres,2 sdbs,Étage 2,"Ferme Bretone, Casablanca",2 140 000
Not Specified,1 chambre,Not Specified,Étage 5,"Anfa, Casablanca",950 000
Not Specified,Not Specified,Not Specified,Not Specified,Not Specified,680 000
Not Specified,1 chambre,1 sdb,Rez de chaussée,"Casablanca, Californie",855 000
Not Specified,3 chambres,2 sdbs,Étage 1,"Casablanca, Maarif",1 760 000
186 m²,3 chambres,3 sdbs,Étage 3,"Casablanca, Racine",2 480 000
55 m²,2 chambres,2 sdbs,Étage 1,"Ain Sebaa, Casablanca",1
55 m²,2 chambres,1 sdb,Étage 4,"Oulfa, Casablanca",111 111
75 m²,2 chambres,1 sdb,Étage 2,"Sidi Maarouf, Casablanca",1 100 000
170 m²,3 chambres,2 sdbs,Étage 5,"Maârif Extension, Casablanca",1 570 000
Not Specified,Not Specified,Not Specified,Not Specified,Not Specified,940 000
70 m²,2 chambres,1 sdb,Étage 2,"Hay Chrifa, Casablanca",900 000
114 m²,2 chambres,1 sdb,Étage 3,"Abdelmoumen, Casablanca",480 000
216 m²,4 chambres,2 sdbs,Rez de chaussée,"Sidi Moumen, Casablanca",1 100 000
121 m²,2 chambres,2 sdbs,Étage 1,"Oasis, Casablanca",1 900 000
Not Specified,Not Specified,Not Specified,Not Specified,Not Specified,880 000
50 m²,2 chambres,1 sdb,Rez de chaussée,"Aïn Chock, Casablanca",Not Specified
58 m²,2 chambres,1 sdb,Étage 4,"Oulfa, Casablanca",286 000
177 m²,3 chambres,2 sdbs,Étage 1,"Alsace Lorraine, Casablanca",2 200 000
88 m²,2 chambres,2 sdbs,Étage 1,"Maarif, Casablanca",130 000
Not Specified,Not Specified,Not Specified,Not Specified,Not Specified,909 500
153 m²,3 chambres,2 sdbs,Étage 3,"2 Mars, Casablanca",1 950 000
Not Specified,Not Specified,Not Specified,Not Specified,"Al Qods, Casablanca",Not Specified
Not Specified,Not Specified,Not Specified,Not Specified,"Al Qods, Casablanca",Not Specified
141 m²,3 chambres,2 sdbs,Étage 1,"Bourgogne, Casablanca",2 100 000
Not Specified,Not Specified,Not Specified,Not Specified,Not Specified,1 590 000
164 m²,3 chambres,2 sdbs,Étage 3,"Beauséjour, Casablanca",1 700 000
60 m²,2 chambres,2 sdbs,Étage 3,"Franceville, Casablanca",1 000 000
75 m²,3 chambres,2 sdbs,Étage 3,"Sidi Maarouf, Casablanca",800 000
44 m²,1 chambre,1 sdb,Étage 2,"Les Princesses, Casablanca",1 200 000
Not Specified,Not Specified,Not Specified,Not Specified,Not Specified,1 060 000
53 m²,1 chambre,1 sdb,Étage 2,"Palmier, Casablanca",1 200 000
91 m²,3 chambres,2 sdbs,Étage 1,"Sidi Maarouf, Casablanca",930 000
79 m²,3 chambres,2 sdbs,Étage 2,"Sidi Maarouf, Casablanca",850 000
124 m²,2 chambres,2 sdbs,Étage 4,"Gauthier, Casablanca",2 800 000
Not Specified,Not Specified,Not Specified,Not Specified,Not Specified,1 220 000
93 m²,2 chambres,2 sdbs,Étage 2,"Maarif, Casablanca",2 050 000
76 m²,2 chambres,1 sdb,Rez de chaussée,"Sidi Moumen, Casablanca",480 000
150 m²,3 chambres,2 sdbs,Étage 1,"2 Mars, Casablanca",Not Specified
92 m²,2 chambres,2 sdbs,Étage 3,"Bourgogne, Casablanca",Not Specified
Not Specified,Not Specified,Not Specified,Not Specified,Not Specified,940 500
137 m²,3 chambres,2 sdbs,Étage 1,"Bourgogne, Casablanca",12 500
50 m²,2 chambres,1 sdb,Étage 1,"Sidi Bernoussi, Casablanca",400 000
125 m²,2 chambres,2 sdbs,Étage 1,"Sidi Othmane, Casablanca",830 000
55 m²,2 chambres,1 sdb,Étage 3,"Errahma, Casablanca",2 700 000
Not Specified,Not Specified,Not Specified,Not Specified,Not Specified,1 050 000
111 m²,2 chambres,2 sdbs,Étage 6,"Anfa, Casablanca",Not Specified
103 m²,3 chambres,2 sdbs,Étage 1,"Aïn Chock, Casablanca",1 200 000
Not Specified,4 chambres,3 sdbs,Étage 1,"Gauthier, Casablanca",3 400 000
Not Specified,Not Specified,Not Specified,Not Specified,Not Specified,1 530 000
141 m²,3 chambres,2 sdbs,Étage 2,"Casablanca, Abdelmoumen",Not Specified
76 m²,3 chambres,2 sdbs,Étage 2,"Casablanca, Almaz",896 800
97 m²,2 chambres,2 sdbs,Étage 3,"Casablanca, Ferme Bretone",1 940 000
108 m²,3 chambres,2 sdbs,Étage 3,"Autre secteur, Casablanca",1 450 000
70 m²,2 chambres,1 sdb,Étage 1,"Sidi Maarouf, Casablanca",680 000
75 m²,2 chambres,2 sdbs,Étage 1,"Maarif, Casablanca",1 200 000
150 m²,3 chambres,2 sdbs,Étage 2,"Autre secteur, Casablanca",1 950 000
Not Specified,Not Specified,Not Specified,Not Specified,Not Specified,250 000
90 m²,3 chambres,1 sdb,Étage 1,"Oulfa, Casablanca",980 000
118 m²,2 chambres,2 sdbs,Étage 4,"Val Fleuri, Casablanca",1 500 000
90 m²,2 chambres,2 sdbs,Étage 3,"Ain Sebaa, Casablanca",900 000
170 m²,1 chambre,2 sdbs,Étage 1,"2 Mars, Casablanca",1 700 000
Not Specified,Not Specified,Not Specified,Not Specified,Not Specified,718 000
56 m²,2 chambres,1 sdb,Not Specified,"Oulfa, Casablanca",29
Not Specified,2 chambres,1 sdb,Étage 4,"Hay Hassani, Casablanca",380 000
106 m²,3 chambres,2 sdbs,Étage 1,"Oulfa, Casablanca",1 120 000
159 m²,2 chambres,2 sdbs,Étage 1,"Roches Noires, Casablanca",13 000 000
Not Specified,Not Specified,Not Specified,Not Specified,Not Specified,1 092 000
78 m²,2 chambres,2 sdbs,Étage 3,"Ain Sebaa, Casablanca",950 000
Not Specified,Not Specified,Not Specified,Not Specified,"Abdelmoumen, Casablanca",Not Specified
56 m²,2 chambres,1 sdb,Étage 2,"Hay Hassani, Casablanca",470 000
130 m²,3 chambres,3 sdbs,Étage 3,"Bourgogne, Casablanca",2 535 000
Not Specified,Not Specified,Not Specified,Not Specified,Not Specified,830 000
46 m²,2 chambres,1 sdb,Étage 3,"Oulfa, Casablanca",340 000
98 m²,2 chambres,1 sdb,Étage 5,"Franceville, Casablanca",1 200 000
45 m²,2 chambres,1 sdb,Rez de chaussée,"Sidi Moumen, Casablanca",190 000
72 m²,1 chambre,1 sdb,Étage 5,"Maarif, Casablanca",1 550 000
Not Specified,Not Specified,Not Specified,Not Specified,Not Specified,8 000
82 m²,2 chambres,1 sdb,Étage 2,"Bourgogne, Casablanca",1 450 000
170 m²,3 chambres,2 sdbs,Étage 1,"2 Mars, Casablanca",2 750 000
83 m²,2 chambres,1 sdb,Rez de chaussée,"Sidi Bernoussi, Casablanca",470 000
65 m²,3 chambres,1 sdb,Étage 4,"Autre secteur, Casablanca",Not Specified
Not Specified,Not Specified,Not Specified,Not Specified,Not Specified,1 800 000
65 m²,1 chambre,1 sdb,Étage 1,"Aïn Chock, Casablanca",180 000
133 m²,3 chambres,1 sdb,Étage 1,"Sidi Maarouf, Casablanca",1 150 000
95 m²,3 chambres,0 sdb,Rez de chaussée,"Aïn Chock, Casablanca",700 000
Not Specified,2 chambres,1 sdb,Étage 3,"Hay Inara, Casablanca",800 000
Not Specified,Not Specified,Not Specified,Not Specified,Not Specified,2 800 000
56 m²,2 chambres,1 sdb,Étage 1,"Sidi Moumen, Casablanca",360 000
61 m²,2 chambres,1 sdb,Not Specified,"Autre secteur, Casablanca",560 000
86 m²,3 chambres,2 sdbs,Étage 3,"Sidi Maarouf, Casablanca",1 000 000
119 m²,3 chambres,2 sdbs,Étage 5,"Autre secteur, Casablanca",1 130 500
Not Specified,Not Specified,Not Specified,Not Specified,Not Specified,1 885 000
149 m²,3 chambres,2 sdbs,Not Specified,"2 Mars, Casablanca",1 820 000
41 m²,1 chambre,1 sdb,Not Specified,"Oulfa, Casablanca",350 000
105 m²,2 chambres,2 sdbs,Étage 6,"Aïn Borja, Casablanca",1 400 000
Not Specified,Not Specified,Not Specified,Not Specified,Not Specified,2 300 000
Not Specified,3 chambres,2 sdbs,Étage 4,"Casablanca, Maârif Extension",1 520 000
129 m²,2 chambres,3 sdbs,Étage 1,"Casablanca, Aïn Diab",1 820 000
99 m²,3 chambres,1 sdb,Étage 1,"Casablanca, Aïn Chock",900 000
74 m²,3 chambres,1 sdb,Étage 4,"Bournazil, Casablanca",520 000
117 m²,2 chambres,1 sdb,Étage 7,"Bourgogne, Casablanca",1 600 000
163 m²,3 chambres,3 sdbs,Étage 2,"Quartier des Hôpitaux, Casablanca",3 000 000
110 m²,3 chambres,1 sdb,Étage 3,"Oulfa, Casablanca",Not Specified
Not Specified,Not Specified,Not Specified,Not Specified,Not Specified,1 800 000
137 m²,3 chambres,1 sdb,Étage 5,"Centre Ville, Casablanca",2 100 000
128 m²,3 chambres,2 sdbs,Étage 5,"Bachkou, Casablanca",2 500 000
Not Specified,2 chambres,Not Specified,Étage 7,"Bourgogne, Casablanca",1 800 000
Not Specified,3 chambres,3 sdbs,Étage 3,"Maarif, Casablanca",5 700 000
Not Specified,Not Specified,Not Specified,Not Specified,Not Specified,9 800
134 m²,3 chambres,2 sdbs,Étage 2,"Bourgogne, Casablanca",Not Specified
60 m²,2 chambres,1 sdb,Étage 2,"Oulfa, Casablanca",650 000
50 m²,2 chambres,1 sdb,Étage 4,"Sidi Moumen, Casablanca",280 000
1000 m²,4 chambres,2 sdbs,Rez de chaussée,"Autre secteur, Casablanca",1 000 000
Not Specified,Not Specified,Not Specified,Not Specified,Not Specified,360 000
80 m²,2 chambres,1 sdb,Étage 3,"Autre secteur, Casablanca",240 000
64 m²,2 chambres,1 sdb,Étage 2,"Bournazil, Casablanca",650 000
85 m²,2 chambres,1 sdb,Étage 2,"Beauséjour, Casablanca",7 500
Not Specified,3 chambres,2 sdbs,Étage 2,"2 Mars, Casablanca",1 300 000
Not Specified,Not Specified,Not Specified,Not Specified,Not Specified,8 000
60 m²,2 chambres,1 sdb,Rez de chaussée,"Ain Sebaa, Casablanca",440 000
Not Specified,3 chambres,2 sdbs,Étage 2,"2 Mars, Casablanca",2 050 000
Not Specified,2 chambres,2 sdbs,Étage 2,"Sidi Bernoussi, Casablanca",960 000
165 m²,3 chambres,2 sdbs,Étage 3,"Hay Mohammadi, Casablanca",1 540 000
Not Specified,Not Specified,Not Specified,Not Specified,Not Specified,1 550 000
75 m²,2 chambres,1 sdb,Étage 4,"Ain Sebaa, Casablanca",1
106 m²,2 chambres,1 sdb,Étage 5,"Roches Noires, Casablanca",1 300 000
75 m²,2 chambres,1 sdb,Rez de chaussée,"Sidi Bernoussi, Casablanca",Not Specified
58 m²,2 chambres,2 sdbs,Étage 4,"Oulfa, Casablanca",45 000 000
Not Specified,Not Specified,Not Specified,Not Specified,Not Specified,2 750 000
178 m²,2 chambres,2 sdbs,Étage 2,"Almaz, Casablanca",2 300 000
160 m²,2 chambres,2 sdbs,Rez de chaussée,"Belvédère, Casablanca",10 000
601 m²,2 chambres,1 sdb,Rez de chaussée,"Hay Mohammadi, Casablanca",40 000
120 m²,3 chambres,1 sdb,Étage 3,"Roches Noires, Casablanca",Not Specified
Not Specified,Not Specified,Not Specified,Not Specified,Not Specified,529 400
50 m²,2 chambres,0 sdb,Étage 1,"Sidi Maarouf, Casablanca",45 000 000
90 m²,3 chambres,1 sdb,Étage 3,"Sidi Maarouf, Casablanca",Not Specified
280 m²,15 chambres,5 sdbs,Étage 5,"Casablanca Finance City, Casablanca",1 000 000
89 m²,2 chambres,1 sdb,Étage 2,"Belvédère, Casablanca",920 000
Not Specified,Not Specified,Not Specified,Not Specified,Not Specified,477 100
Not Specified,2 chambres,Not Specified,Étage 2,"Belvédère, Casablanca",920 000
Not Specified,2 chambres,Not Specified,Étage 1,"Oulfa, Casablanca",Not Specified
Not Specified,3 chambres,3 sdbs,Étage 1,"Maarif, Casablanca",3 750 000
Not Specified,Not Specified,Not Specified,Not Specified,Not Specified,1 130 000
99 m²,3 chambres,2 sdbs,Étage 4,"Casablanca, Oulfa",1 000 000
242 m²,3 chambres,3 sdbs,Étage 1,"Casablanca, Oasis",3 700 000
112 m²,3 chambres,2 sdbs,Étage 1,"Casablanca, Ain Sebaa",945 000
Not Specified,2 chambres,1 sdb,Étage 3,"Oulfa, Casablanca",360 000
43 m²,1 chambre,1 sdb,Étage 1,"Roches Noires, Casablanca",720 000
50 m²,1 chambre,1 sdb,Étage 3,"Bournazil, Casablanca",390 000
48 m²,2 chambres,1 sdb,Étage 1,"Oulfa, Casablanca",Not Specified
Not Specified,Not Specified,Not Specified,Not Specified,Not Specified,1 250 000
74 m²,2 chambres,1 sdb,Étage 1,"Lissasfa, Casablanca",Not Specified
112 m²,3 chambres,2 sdbs,Étage 2,"Sidi Moumen, Casablanca",380 000
42 m²,1 chambre,1 sdb,Rez de chaussée,"Hermitage, Casablanca",1 040 000
140 m²,4 chambres,2 sdbs,Rez de chaussée,"C.I.L, Casablanca",1 400 000
Not Specified,Not Specified,Not Specified,Not Specified,Not Specified,673 950
68 m²,2 chambres,1 sdb,Étage 1,"Ain Sebaa, Casablanca",460 000
64 m²,2 chambres,2 sdbs,Étage 1,"Ain Sebaa, Casablanca",460 000
36 m²,1 chambre,1 sdb,Étage 5,"Anfa, Casablanca",1 180 000
93 m²,2 chambres,2 sdbs,Étage 3,"Ain Sebaa, Casablanca",Not Specified
Not Specified,Not Specified,Not Specified,Not Specified,Not Specified,700 000
Not Specified,2 chambres,Not Specified,Étage 1,"Hay Albaraka, Casablanca",Not Specified
78 m²,2 chambres,2 sdbs,Étage 1,"Sidi Maarouf, Casablanca",1 014 000
74 m²,2 chambres,1 sdb,Étage 1,"Autre secteur, Casablanca",540 000
642 m²,3 chambres,1 sdb,Étage 1,"Aïn Chock, Casablanca",Not Specified
Not Specified,Not Specified,Not Specified,Not Specified,Not Specified,1 755 000
45 m²,1 chambre,1 sdb,Étage 5,"Maârif Extension, Casablanca",Not Specified
62 m²,2 chambres,2 sdbs,Étage 2,"Ain Sebaa, Casablanca",Not Specified
163 m²,3 chambres,2 sdbs,Étage 3,"Californie, Casablanca",2 526 500
60 m²,2 chambres,1 sdb,Étage 1,"Autre secteur, Casablanca",400 000
Not Specified,Not Specified,Not Specified,Not Specified,Not Specified,700 000
102 m²,2 chambres,2 sdbs,Étage 1,"Abdelmoumen, Casablanca",1 350 000
185 m²,3 chambres,2 sdbs,Étage 7,"Les Princesses, Casablanca",2 800 000
107 m²,3 chambres,2 sdbs,Étage 1,"Oulfa, Casablanca",Not Specified
73 m²,2 chambres,1 sdb,Étage 3,"Beauséjour, Casablanca",1 000 000
Not Specified,Not Specified,Not Specified,Not Specified,Not Specified,3 550 000
133 m²,2 chambres,1 sdb,Étage 1,"La Gironde, Casablanca",1 000 000
103 m²,3 chambres,2 sdbs,Étage 4,"Aïn Chock, Casablanca",1 190 000
Not Specified,3 chambres,2 sdbs,Étage 2,"Autre secteur, Casablanca",Not Specified
105 m²,3 chambres,2 sdbs,Étage 3,"Sidi Bernoussi, Casablanca",9 500
Not Specified,Not Specified,Not Specified,Not Specified,Not Specified,1 006 000
Not Specified,3 chambres,2 sdbs,Étage 1,"Les Princesses, Casablanca",2 600 000
46 m²,2 chambres,1 sdb,Étage 2,"Autre secteur, Casablanca",300 000
220 m²,3 chambres,3 sdbs,Étage 2,"Californie, Casablanca",3 550 000
Not Specified,2 chambres,1 sdb,Étage 5,"Ain Sebaa, Casablanca",1 070 000
Not Specified,Not Specified,Not Specified,Not Specified,Not Specified,1 240 000
Not Specified,3 chambres,2 sdbs,Étage 4,"Ain Sebaa, Casablanca",1 250 000
54 m²,1 chambre,1 sdb,Étage 3,"Anfa, Casablanca",76 500
129 m²,3 chambres,1 sdb,Étage 1,"Al Madina Aljadida, Casablanca",Not Specified
Not Specified,Not Specified,Not Specified,Not Specified,Not Specified,626 600
Not Specified,3 chambres,2 sdbs,Étage 4,"Casablanca, Maârif Extension",1 520 000
48 m²,1 chambre,1 sdb,Étage 3,"Casablanca, Abdelmoumen",1 140 000
65 m²,2 chambres,2 sdbs,Étage 1,"Casablanca, Sidi Moumen",570 000
96 m²,3 chambres,2 sdbs,Étage 1,"Almaz, Casablanca",1
90 m²,2 chambres,1 sdb,Étage 5,"Bourgogne, Casablanca",Not Specified
194 m²,2 chambres,2 sdbs,Rez de chaussée,"Triangle d'Or, Casablanca",2 300 000
125 m²,3 chambres,2 sdbs,Étage 3,"Aïn Chock, Casablanca",Not Specified
Not Specified,Not Specified,Not Specified,Not Specified,Not Specified,1 135 000
92 m²,2 chambres,2 sdbs,Étage 1,"Errahma, Casablanca",725 000
162 m²,3 chambres,2 sdbs,Étage 4,"Quartier des Hôpitaux, Casablanca",Not Specified
114 m²,3 chambres,2 sdbs,Étage 1,"Mandarona, Casablanca",1 450 000
94 m²,3 chambres,2 sdbs,Étage 2,"Salmia, Casablanca",921 000
Not Specified,Not Specified,Not Specified,Not Specified,Not Specified,1 768 880
104 m²,2 chambres,2 sdbs,Étage 2,"Bourgogne, Casablanca",2 500 000
50 m²,2 chambres,1 sdb,Étage 2,"Autre secteur, Casablanca",360 000
56 m²,1 chambre,1 sdb,Étage 5,"Oasis, Casablanca",1 100 000
112 m²,3 chambres,1 sdb,Étage 3,"Hay Mohammadi, Casablanca",1 200 000
Not Specified,Not Specified,Not Specified,Not Specified,Not Specified,1 232 000
61 m²,2 chambres,1 sdb,Étage 3,"Ain Sebaa, Casablanca",420 000
60 m²,1 chambre,1 sdb,Étage 1,"Palmier, Casablanca",1 400 000
110 m²,2 chambres,1 sdb,Not Specified,"Sidi Bernoussi, Casablanca",500 000
Not Specified,2 chambres,2 sdbs,Étage 1,"Autre secteur, Casablanca",8 800
Not Specified,Not Specified,Not Specified,Not Specified,Not Specified,1 140 000
Not Specified,3 chambres,2 sdbs,Étage 3,"Maârif Extension, Casablanca",1 400 000
40 m²,1 chambre,1 sdb,Étage 5,"Maarif, Casablanca",860 000
94 m²,2 chambres,2 sdbs,Étage 2,"Maarif, Casablanca",1 490 000
83 m²,3 chambres,2 sdbs,Étage 1,"Sidi Belyout, Casablanca",1 079 000
Not Specified,Not Specified,Not Specified,Not Specified,Not Specified,600 000
64 m²,2 chambres,1 sdb,Étage 4,"Ain Sebaa, Casablanca",380 000
0 m²,2 chambres,1 sdb,Étage 4,"Ain Sebaa, Casablanca",760 000
56 m²,2 chambres,1 sdb,Étage 1,"Ain Sebaa, Casablanca",400 000
67 m²,1 chambre,1 sdb,Rez de chaussée,"Bourgogne, Casablanca",1 100 000
Not Specified,Not Specified,Not Specified,Not Specified,Not Specified,660 000
186 m²,3 chambres,2 sdbs,Étage 5,"Hay Hassani, Casablanca",Not Specified
66 m²,2 chambres,2 sdbs,Étage 5,"Al Fida, Casablanca",550 000
92 m²,3 chambres,2 sdbs,Étage 3,"Aïn Chock, Casablanca",75 000
58 m²,2 chambres,1 sdb,Étage 1,"Lissasfa, Casablanca",360 000
Not Specified,Not Specified,Not Specified,Not Specified,Not Specified,910 000
140 m²,3 chambres,Not Specified,Étage 4,"Gauthier, Casablanca",2 500 000
Not Specified,2 chambres,1 sdb,Étage 3,"Sidi Bernoussi, Casablanca",42 500
Not Specified,2 chambres,1 sdb,Étage 3,"Oulfa, Casablanca",380 000
60 m²,2 chambres,1 sdb,Étage 1,"Sidi Moumen, Casablanca",46
Not Specified,Not Specified,Not Specified,Not Specified,Not Specified,488 100
112 m²,3 chambres,2 sdbs,Étage 5,"Sidi Maarouf, Casablanca",1 350 000
84 m²,3 chambres,2 sdbs,Étage 3,"Sidi Maarouf, Casablanca",Not Specified
50 m²,2 chambres,1 sdb,Étage 2,"Nassim, Casablanca",360 000
Not Specified,Not Specified,Not Specified,Not Specified,Not Specified,1 125 000
60 m²,1 chambre,1 sdb,Étage 3,"Casablanca, Abdelmoumen",1 050 000
186 m²,3 chambres,3 sdbs,Étage 3,"Casablanca, Racine",2 480 000
64 m²,1 chambre,1 sdb,Étage 5,"Casablanca, Casablanca Finance City",800 000
93 m²,3 chambres,1 sdb,Étage 3,"Ain Sebaa, Casablanca",350 000
250 m²,Not Specified,Not Specified,Not Specified,"Al Madina Aljadida, Casablanca",900 000
65 m²,4 chambres,3 sdbs,Étage 4,"Autre secteur, Casablanca",1 200 000
160 m²,3 chambres,2 sdbs,Étage 3,"Anfa, Casablanca",4 800 000
Not Specified,Not Specified,Not Specified,Not Specified,Not Specified,1 090 000
Not Specified,2 chambres,1 sdb,Étage 7,"Belvédère, Casablanca",Not Specified
103 m²,3 chambres,2 sdbs,Étage 4,"Californie, Casablanca",1 190 000
137 m²,3 chambres,2 sdbs,Étage 3,"Californie, Casablanca",2 450 000
107 m²,3 chambres,2 sdbs,Étage 4,"Anfa, Casablanca",1 980 000
Not Specified,Not Specified,Not Specified,Not Specified,Not Specified,880 000
131 m²,3 chambres,2 sdbs,Étage 4,"Maârif Extension, Casablanca",1 960 000
Not Specified,1 chambre,1 sdb,Étage 1,"Quartier des Hôpitaux, Casablanca",1 145 000
56 m²,2 chambres,1 sdb,Étage 2,"Errahma, Casablanca",300 000
140 m²,2 chambres,2 sdbs,Rez de chaussée,"Sidi Maarouf, Casablanca",1 100 000
Not Specified,Not Specified,Not Specified,Not Specified,Not Specified,810 000
100 m²,3 chambres,2 sdbs,Étage 1,"Sidi Bernoussi, Casablanca",740 000
107 m²,3 chambres,2 sdbs,Étage 4,"Roches Noires, Casablanca",1 200 000
48 m²,1 chambre,1 sdb,Rez de chaussée,"Ferme Bretone, Casablanca",850 000
84 m²,3 chambres,1 sdb,Not Specified,"Al Fida, Casablanca",Not Specified
Not Specified,Not Specified,Not Specified,Not Specified,Not Specified,1 700 000
170 m²,3 chambres,3 sdbs,Rez de chaussée,"Casablanca Finance City, Casablanca",4 200 000
115 m²,1 chambre,2 sdbs,Not Specified,"Abdelmoumen, Casablanca",1 200 000
106 m²,2 chambres,2 sdbs,Étage 2,"Bachkou, Casablanca",1 500 000
136 m²,3 chambres,0 sdb,Étage 2,"Quartier des Hôpitaux, Casablanca",1 950 000
Not Specified,Not Specified,Not Specified,Not Specified,Not Specified,1 437 500
164 m²,2 chambres,2 sdbs,Étage 3,"Beauséjour, Casablanca",1 600 000
199 m²,3 chambres,3 sdbs,Rez de chaussée,"Maarif, Casablanca",3 800 000
43 m²,1 chambre,1 sdb,Étage 2,"Bourgogne, Casablanca",1 300 000
94 m²,2 chambres,0 sdb,Étage 1,"Bourgogne, Casablanca",1 750 000
Not Specified,Not Specified,Not Specified,Not Specified,Not Specified,895 000
70 m²,3 chambres,1 sdb,Étage 2,"Autre secteur, Casablanca",Not Specified
74 m²,2 chambres,1 sdb,Étage 1,"Oulfa, Casablanca",615 000
70 m²,2 chambres,1 sdb,Étage 2,"Sidi Moumen, Casablanca",600 000
84 m²,2 chambres,2 sdbs,Étage 2,"Aïn Chock, Casablanca",1 200 000
Not Specified,Not Specified,Not Specified,Not Specified,Not Specified,11 000
112 m²,2 chambres,2 sdbs,Rez de chaussée,"Autre secteur, Casablanca",18 000
Not Specified,Not Specified,Not Specified,Not Specified,Casablanca,Not Specified
277 m²,4 chambres,2 sdbs,Étage 4,"Alsace Lorraine, Casablanca",2 600 000
71 m²,2 chambres,1 sdb,Étage 4,"Oulfa, Casablanca",690 000
Not Specified,Not Specified,Not Specified,Not Specified,Not Specified,1 530 000
50 m²,1 chambre,1 sdb,Étage 2,"Abdelmoumen, Casablanca",830 000
Not Specified,2 chambres,Not Specified,Rez de chaussée,"Oulfa, Casablanca",1 100 000
120 m²,2 chambres,0 sdb,Étage 1,"2 Mars, Casablanca",900 000
Not Specified,Not Specified,Not Specified,Not Specified,Not Specified,8 000
55 m²,1 chambre,2 sdbs,Étage 1,"Casablanca, Abdelmoumen",Not Specified
97 m²,2 chambres,2 sdbs,Étage 3,"Casablanca, Ferme Bretone",1 940 000
220 m²,4 chambres,3 sdbs,Étage 4,"Casablanca, Bourgogne",Not Specified
104 m²,2 chambres,1 sdb,Étage 4,"Bourgogne, Casablanca",1 500 000
68 m²,2 chambres,1 sdb,Étage 1,"Ain Sebaa, Casablanca",75
133 m²,2 chambres,2 sdbs,Étage 5,"Aïn Borja, Casablanca",1 000 000
159 m²,3 chambres,2 sdbs,Étage 1,"2 Mars, Casablanca",Not Specified
Not Specified,Not Specified,Not Specified,Not Specified,Not Specified,Not Specified
69 m²,2 chambres,2 sdbs,Étage 1,"Sidi Bernoussi, Casablanca",640 000
113 m²,3 chambres,2 sdbs,Étage 5,"Ain Sebaa, Casablanca",Not Specified
58 m²,2 chambres,2 sdbs,Étage 7,"Bourgogne, Casablanca",1 218 000
78 m²,2 chambres,2 sdbs,Étage 2,"Bournazil, Casablanca",780 000
Not Specified,Not Specified,Not Specified,Not Specified,Not Specified,4 500 000
Not Specified,2 chambres,Not Specified,Étage 5,"Centre Ville, Casablanca",2 288 000
Not Specified,1 chambre,1 sdb,Étage 3,"Oasis, Casablanca",1 300 000
Not Specified,3 chambres,2 sdbs,Étage 15,"Abdelmoumen, Casablanca",2 447 814
Not Specified,1 chambre,1 sdb,Étage 7,"Derb Omar, Casablanca",350 000
Not Specified,Not Specified,Not Specified,Not Specified,Not Specified,3 472 000
20 m²,1 chambre,1 sdb,Étage 4,"Centre Ville, Casablanca",229 000
150 m²,3 chambres,2 sdbs,Étage 1,"Belvédère, Casablanca",1 500 000
60 m²,2 chambres,1 sdb,Étage 2,"Sidi Maarouf, Casablanca",630 000
73 m²,2 chambres,1 sdb,Rez de chaussée,"Sidi Maarouf, Casablanca",610 000
Not Specified,Not Specified,Not Specified,Not Specified,Not Specified,3 182 000
169 m²,2 chambres,2 sdbs,Étage 10,"Anfa, Casablanca",2 200 000
50 m²,2 chambres,1 sdb,Étage 3,"Oulfa, Casablanca",350 000
212 m²,3 chambres,1 sdb,Rez de chaussée,"Californie, Casablanca",2 350 000
Not Specified,2 chambres,2 sdbs,Étage 3,"Oasis, Casablanca",1 900 000
Not Specified,Not Specified,Not Specified,Not Specified,Not Specified,15 500
Not Specified,4 chambres,3 sdbs,Étage 5,"Sidi Bernoussi, Casablanca",1 300 000
69 m²,3 chambres,2 sdbs,Étage 4,"La Gironde, Casablanca",Not Specified
163 m²,3 chambres,3 sdbs,Étage 3,"Belvédère, Casablanca",2 300 000
116 m²,3 chambres,2 sdbs,Étage 1,"Al Qods, Casablanca",1 250 000
Not Specified,Not Specified,Not Specified,Not Specified,Not Specified,2 450 000
56 m²,2 chambres,1 sdb,Étage 4,"Sidi Moumen, Casablanca",380 000
85 m²,2 chambres,1 sdb,Étage 3,"Autre secteur, Casablanca",1 000 000
55 m²,2 chambres,1 sdb,Étage 4,"Autre secteur, Casablanca",340 000
70 m²,1 chambre,1 sdb,Étage 3,"Autre secteur, Casablanca",510 000
Not Specified,Not Specified,Not Specified,Not Specified,Not Specified,1 170 000
Not Specified,1 chambre,1 sdb,Rez de chaussée,"Sidi Bernoussi, Casablanca",32 000
179 m²,3 chambres,2 sdbs,Étage 6,"2 Mars, Casablanca",2 100 000
Not Specified,2 chambres,1 sdb,Étage 1,"Oulfa, Casablanca",750 000
84 m²,3 chambres,1 sdb,Rez de chaussée,"Autre secteur, Casablanca",280 000
Not Specified,Not Specified,Not Specified,Not Specified,Not Specified,560 500
75 m²,2 chambres,1 sdb,Étage 4,"Autre secteur, Casablanca",780 000
111 m²,3 chambres,2 sdbs,Étage 1,"Aïn Chock, Casablanca",1 460 000
92 m²,2 chambres,2 sdbs,Étage 2,"Autre secteur, Casablanca",1 450 000
Not Specified,Not Specified,Not Specified,Not Specified,Not Specified,8 700
186 m²,3 chambres,3 sdbs,Étage 3,"Casablanca, Racine",2 480 000
54 m²,1 chambre,1 sdb,Étage 5,"Casablanca, Maarif",1 295 900
141 m²,3 chambres,2 sdbs,Étage 2,"Casablanca, Abdelmoumen",Not Specified
127 m²,2 chambres,2 sdbs,Étage 3,"Californie, Casablanca",Not Specified
99 m²,2 chambres,1 sdb,Étage 2,"Aïn Chock, Casablanca",900 000
Not Specified,2 chambres,1 sdb,Étage 1,"Oulfa, Casablanca",Not Specified
198 m²,3 chambres,2 sdbs,Étage 2,"Quartier des Hôpitaux, Casablanca",2 750 000
Not Specified,Not Specified,Not Specified,Not Specified,Not Specified,646 000
139 m²,2 chambres,1 sdb,Étage 1,"Mers Sultan, Casablanca",1 500 000
145 m²,3 chambres,2 sdbs,Étage 4,"Belvédère, Casablanca",1 350 000
125 m²,2 chambres,2 sdbs,Étage 2,"Abdelmoumen, Casablanca",1 650 000
137 m²,3 chambres,2 sdbs,Étage 1,"Californie, Casablanca",1 800 000
Not Specified,Not Specified,Not Specified,Not Specified,Not Specified,Not Specified
70 m²,2 chambres,2 sdbs,Étage 2,"Sidi Maarouf, Casablanca",880 000
146 m²,3 chambres,2 sdbs,Étage 1,"Beauséjour, Casablanca",1 900 000
138 m²,3 chambres,2 sdbs,Étage 2,"Abdelmoumen, Casablanca",1 650 000
132 m²,3 chambres,2 sdbs,Étage 6,"Bourgogne, Casablanca",3 200 000
Not Specified,Not Specified,Not Specified,Not Specified,Not Specified,1 236 000
60 m²,3 chambres,1 sdb,Étage 3,"Sidi Bernoussi, Casablanca",31
56 m²,2 chambres,1 sdb,Étage 1,"Lissasfa, Casablanca",360 000
124 m²,3 chambres,2 sdbs,Étage 2,"Sidi Maarouf, Casablanca",1 533 000
55 m²,2 chambres,1 sdb,Étage 4,"Sidi Maarouf, Casablanca",560 000
Not Specified,Not Specified,Not Specified,Not Specified,Not Specified,455 650
Not Specified,Not Specified,Not Specified,Not Specified,"Al Qods, Casablanca",Not Specified
56 m²,2 chambres,1 sdb,Étage 1,"Autre secteur, Casablanca",35
60 m²,2 chambres,1 sdb,Étage 2,"Oulfa, Casablanca",64
112 m²,2 chambres,2 sdbs,Étage 5,"Belvédère, Casablanca",Not Specified
Not Specified,Not Specified,Not Specified,Not Specified,Not Specified,960 000
Not Specified,3 chambres,Not Specified,Étage 2,"Autre secteur, Casablanca",2 000 000
107 m²,2 chambres,1 sdb,Étage 1,"Oulfa, Casablanca",1 350 000
Not Specified,1 chambre,1 sdb,Rez de chaussée,Casablanca,1 250 000
107 m²,3 chambres,2 sdbs,Étage 1,"Oulfa, Casablanca",Not Specified
Not Specified,Not Specified,Not Specified,Not Specified,Not Specified,1 870 000
Not Specified,2 chambres,1 sdb,Étage 1,"Anfa, Casablanca",1 250 000
72 m²,1 chambre,1 sdb,Étage 5,"Les Princesses, Casablanca",1 650 000
54 m²,2 chambres,1 sdb,Étage 2,"Al Madina Aljadida, Casablanca",350 000
76 m²,2 chambres,0 sdb,Étage 4,"Al Qods, Casablanca",615 000
Not Specified,Not Specified,Not Specified,Not Specified,Not Specified,250 000
120 m²,3 chambres,1 sdb,Étage 2,Casablanca,1 050 000
Not Specified,2 chambres,1 sdb,Étage 8,"Hay Mohammadi, Casablanca",360 000
99 m²,3 chambres,2 sdbs,Étage 4,"Maarif, Casablanca",1 350 000
85 m²,3 chambres,2 sdbs,Étage 3,"Sidi Maarouf, Casablanca",950 000
Not Specified,Not Specified,Not Specified,Not Specified,Not Specified,1 265 000
80 m²,2 chambres,1 sdb,Étage 3,"Sidi Bernoussi, Casablanca",600 000
108 m²,3 chambres,2 sdbs,Étage 3,"Autre secteur, Casablanca",1 400 000
53 m²,2 chambres,1 sdb,Étage 3,"Oulfa, Casablanca",350 000
Not Specified,Not Specified,Not Specified,Not Specified,Not Specified,830 000
129 m²,2 chambres,3 sdbs,Étage 1,"Casablanca, Aïn Diab",1 820 000
Not Specified,2 chambres,2 sdbs,Étage 3,"Casablanca, Al Qods",840 000
54 m²,1 chambre,1 sdb,Étage 5,"Casablanca, Maarif",1 295 900
90 m²,3 chambres,1 sdb,Étage 1,"Oulfa, Casablanca",100 000
43 m²,1 chambre,1 sdb,Étage 1,"Abdelmoumen, Casablanca",860 000
2 m²,2 chambres,1 sdb,Étage 1,"Sidi Moumen, Casablanca",46 000 000
102 m²,2 chambres,2 sdbs,Rez de chaussée,"Ain Sebaa, Casablanca",900 000
Not Specified,Not Specified,Not Specified,Not Specified,Not Specified,1 425 000
73 m²,3 chambres,1 sdb,Étage 4,"Lissasfa, Casablanca",430 000
92 m²,3 chambres,2 sdbs,Étage 1,"Oulfa, Casablanca",1 180 000
58 m²,1 chambre,1 sdb,Étage 1,"Maârif Extension, Casablanca",920 000
88 m²,2 chambres,2 sdbs,Étage 2,"Errahma, Casablanca",800 000
Not Specified,Not Specified,Not Specified,Not Specified,Not Specified,800 000
76 m²,2 chambres,1 sdb,Étage 4,"Sidi Moumen, Casablanca",465
Not Specified,3 chambres,2 sdbs,Étage 6,"Sidi Moumen, Casablanca",580 000
Not Specified,2 chambres,2 sdbs,Not Specified,"Ain Sebaa, Casablanca",Not Specified
175 m²,8 chambres,6 sdbs,Étage 4,"Beauséjour, Casablanca",68 000 000
Not Specified,Not Specified,Not Specified,Not Specified,Not Specified,1 200 000
107 m²,3 chambres,2 sdbs,Étage 4,"Bourgogne, Casablanca",Not Specified
73 m²,3 chambres,1 sdb,Étage 2,"Ben M'sick, Casablanca",680 000
70 m²,2 chambres,2 sdbs,Étage 4,"Ain Sebaa, Casablanca",57
51 m²,2 chambres,1 sdb,Étage 3,"Errahma, Casablanca",320 000
Not Specified,Not Specified,Not Specified,Not Specified,Not Specified,250 000
85 m²,2 chambres,1 sdb,Étage 3,"Anfa, Casablanca",900 000
116 m²,2 chambres,2 sdbs,Étage 2,"Sidi Maarouf, Casablanca",1 471 800
85 m²,2 chambres,1 sdb,Étage 2,"Autre secteur, Casablanca",1 229 000
128 m²,3 chambres,2 sdbs,Rez de chaussée,"Anfa, Casablanca",2 450 000
Not Specified,Not Specified,Not Specified,Not Specified,Not Specified,1 337 500
Not Specified,2 chambres,1 sdb,Étage 1,"Oulfa, Casablanca",330 000
Not Specified,2 chambres,1 sdb,Étage 4,"Sidi Bernoussi, Casablanca",340 000
64 m²,1 chambre,1 sdb,Étage 5,"Casablanca Finance City, Casablanca",800 000
50 m²,1 chambre,1 sdb,Étage 1,"Sidi Moumen, Casablanca",300 000
Not Specified,Not Specified,Not Specified,Not Specified,Not Specified,1 092 000
194 m²,2 chambres,1 sdb,Étage 2,"La Gironde, Casablanca",Not Specified
109 m²,3 chambres,2 sdbs,Étage 2,"Maarif, Casablanca",1 690 000
Not Specified,2 chambres,1 sdb,Étage 2,"Oulfa, Casablanca",280 000
98 m²,2 chambres,1 sdb,Étage 5,"2 Mars, Casablanca",1 400 000
Not Specified,Not Specified,Not Specified,Not Specified,Not Specified,1 376 000
92 m²,3 chambres,2 sdbs,Étage 1,"Sidi Maarouf, Casablanca",1 120 000
137 m²,3 chambres,2 sdbs,Étage 1,"La Gironde, Casablanca",1 370 000
Not Specified,3 chambres,3 sdbs,Étage 4,"Racine, Casablanca",3 900 000
80 m²,1 chambre,1 sdb,Étage 3,"Mers Sultan, Casablanca",450 000
Not Specified,Not Specified,Not Specified,Not Specified,Not Specified,1 725 000
118 m²,2 chambres,1 sdb,Étage 4,"Autre secteur, Casablanca",2 100 000
125 m²,3 chambres,2 sdbs,Étage 3,"Hay Hassani, Casablanca",1 350 000
77 m²,2 chambres,1 sdb,Étage 4,"Sidi Bernoussi, Casablanca",790 000
Not Specified,Not Specified,Not Specified,Not Specified,Not Specified,11 000
